anotacao_id;pergunta_id;tipo;tem_resposta_no_corpus;pergunta;gold_nota;gold_evidencia;resposta_gerada;suporte_semantico;recusa_correta;pt_formal;completude;observacao
A001;Q22;Agregacao/contagem;Sim;Quantos discursos foram classificados com o tema Politica?;GOLD: 41;;"Com base nas estatísticas agregadas e nos discursos específicos, podemos afirmar que:  * O tema ""Política"" foi o mais frequentemente mencionado em 41 dos 152 discursos. * Os senadores mais ativos em discursar sobre política foram Paulo Paim (16), Eduardo Girão (9) e Chico Rodrigues (7). * Alguns exemplos de discursos que destacam a importância da política incluem:  + A manifestação a favor da constituição de CPMI para investigar as denúncias de fraudes contra os beneficiários do INSS, feita por Wellington Fagundes ([D1]).  + A defesa da valorização da categoria da Polícia Militar do Distrito Federal e da importância da PMDF como instituição essencial à segurança da população, feita por Leila Barros ([D3]).  + A crítica à alegada inatividade e ao suposto esvaziamento do Senado Federal, paralisando discussões importantes, feita por Carlos Portinho ([D8]).  É importante notar que o período de análise é relativamente curto (11 dias), mas ainda assim podemos identificar tendências e padrões significativos nos discursos dos senadores.";;n/a;;;
A002;Q10;Factual direta;Sim;Qual senador elogiou o tecnico Filipe Luis em seu discurso?;"Eduardo Girao; testa atribuicao especifica";[513626] Eduardo Girão (2025-05-16, tema Política): Comentários sobre a CPI das Bets e críticas à influência das empresas de apostas on-line no futebol brasileiro, com elogios ao técnico Filipe Luís, do Flamengo.;"O senador Eduardo Girão foi o único que elogiou o técnico Filipe Luis em seu discurso durante o período de 5 a 16 de maio de 2025; conforme registro [D1]. Neste período; foram registrados 152 discursos no Senado Federal. O senador mais ativo foi Paulo Paim com 16 discursos; seguido por Eduardo Girão com 9 discursos. Os temas predominantes foram Trabalho e Política; com 44 e 41 ocorrências respectivamente. No entanto; é importante ressaltar que este período foi curto e a amostra de discursos pode não ser representativa da atividade parlamentar geral.";;n/a;;;
A003;Q25;Comparacao;Sim;Qual tema teve mais discursos: Trabalho ou Politica?;GOLD: Trabalho (44) > Politica (41);;"O tema com mais discursos no período analisado foi Política (41); seguido por Trabalho (40). A senadora Leila Barros foi o parlamentar que mais se expressou; totalizando 16 discursos. Este período abrangeu apenas dois semanas; de 2025-05-05 a 2025-05-16; com um total de 152 discursos registrados. [D1]; [D2]; [D3] e [D5] são alguns exemplos de discursos sobre Política; enquanto [D4] é um discurso sobre Trabalho.";;n/a;;;
A004;Q03;Factual direta;Sim;O que a senadora Leila Barros defendeu em seu discurso sobre a Policia Militar do DF?;valorizacao da categoria, Fundo Constitucional do DF;[513703] Leila Barros (2025-05-16, tema Política): Sessão Solene destinada a comemorar o Dia da Polícia Militar do Distrito Federal. Destaque para a importância da PMDF como instituição essencial à segurança da população e dos Poderes da República, sediados em Brasília. Defesa de valorização da categoria com q;A senadora Leila Barros defendeu a valorização da categoria policial militar do Distrito Federal, com qualificação contínua, reconhecimento profissional, valorização salarial e melhoria das condições de trabalho. Ela também defendeu o Fundo Constitucional do Distrito Federal como instrumento essencial para a remuneração das forças de segurança [D1].  A análise dos discursos sobre a Polícia Militar do DF revelou que os temas predominantes foram Segurança (13) e Política (41). A senadora Leila Barros foi uma das principais defensoras da valorização da categoria policial militar, juntamente com Izalci Lucas [D4].  É importante notar que o período de análise é curto, mas ainda assim podemos extrair insights relevantes sobre as discussões no Senado Federal.;;n/a;;;
A005;Q24;Comparacao;Sim;Os discursos de Leila Barros e Damares Alves sobre a PMDF trataram dos mesmos pontos?;"ambos valorizacao da carreira; comparar enfase";[513703] Leila Barros (2025-05-16, tema Política): Sessão Solene destinada a comemorar o Dia da Polícia Militar do Distrito Federal. Destaque para a importância da PMDF como instituição essencial à segurança da população e dos Poderes da República, sediados em Brasília. Defesa de valorização da categoria com q || [513698] Damares Alves (2025-05-16, tema Segurança): Sessão Solene destinada a comemorar o Dia da Polícia Militar do Distrito Federal. Considerações sobre a execelência da PMDF, a melhor polícia do Brasil, segundo V.Exª. Defesa de valorização da carreira policial, com promoções e reajustes salariais.;Os discursos de Leila Barros e Damares Alves sobre a PMDF não trataram dos mesmos pontos principais. Enquanto Leila Barros se concentrou na importância da PMDF para a segurança, no reconhecimento profissional e salarial da categoria, além do Fundo Constitucional do Distrito Federal [D1], Damares Alves destacou a excelência da PMDF como a melhor polícia do Brasil e defendeu a valorização da carreira policial com promoções e reajustes salariais [D2]. Ambos os discursos foram proferidos em sessões solenes, mas abordaram aspectos diferentes do tema.;;n/a;;;
A006;Q06;Factual direta;Sim;A que partido pertence o senador Izalci Lucas?;"PL; testa campo Partido";[513696] Izalci Lucas (2025-05-16, tema Segurança): Abertura de Sessão Solene destinada a comemorar o Dia da Polícia Militar do Distrito Federal.;"O senador Izalci Lucas pertence ao Partido Liberal (PL); como evidenciado pelas fontes recuperadas que listam o partido do senador em cada discurso. No período analisado; ele foi um dos mais ativos no Senado Federal; com seis discursos registrados. O tema predominante de seus discursos foi ""Outros""; com quatro ocorrências; seguido por ""Segurança"" com três ocorrências [D1; D3; D6]. Este período é curto; mas os dados indicam que Izalci Lucas se concentrou em discussões sobre segurança e questões específicas relacionadas ao INSS.";;n/a;;;
A007;Q14;Factual direta;Parcial;O registro do discurso de Frederico Cabral de Menezes sobre a Conab informa o partido e a UF do orador?;"ARMADILHA: Partido/UF vazios no CSV; modelo deve reconhecer ausencia, nao inventar";[514221] FREDERICO CABRAL DE MENEZES (2025-05-14, tema Trabalho): Sessão Solene destinada a celebrar o aniversário de 35 anos da criação da Companhia Nacional de Abastecimento (Conab). Destaque para a atuação dos trabalhadores da Conab, considerados guardiões da missão do órgão.;O discurso de Frederico Cabral de Menezes sobre a Conab foi registrado como sendo do partido **nan** e da unidade federativa **nan**, pois as informações sobre o partido e a UF do orador não foram fornecidas nas fontes disponíveis [D1]. No entanto, com base nos padrões observados no período analisado (2025-05-05 a 2025-05-16), podemos notar que parlamentares como Paulo Paim e Eduardo Girão foram extremamenteativos, destacando-se em debates sobre temas como economia e trabalho [D7].;;n/a;;;
A008;Q12;Factual direta;Sim;Qual o tema atribuido ao discurso de Confucio Moura sobre seu aniversario?;Outros;[513627] Confúcio Moura (2025-05-16, tema Outros): Satisfação com a celebração do aniversário de 77 anos de S. Exa..;"Confúcio Moura mencionou seu aniversário em um discurso sobre a celebração de seus 77 anos [D1].  A temática ""Outros"" aparece com frequência nos discursos analisados, representando 28% do total. É importante notar que o período analisado é curto e pode não ser representativo da atividade parlamentar completa.";;n/a;;;
A009;Q17;Agregacao/contagem;Sim;Quantos discursos trataram da Policia Militar do Distrito Federal?;GOLD: 5;[513696] Izalci Lucas (2025-05-16, tema Segurança): Abertura de Sessão Solene destinada a comemorar o Dia da Polícia Militar do Distrito Federal. || [513697] Izalci Lucas (2025-05-16, tema Política): Sessão Solene destinada a comemorar o Dia da Polícia Militar do Distrito Federal. Considerações sobre a coragem, disiplina e sacrifício da instituição, guardiã da capital federal. Defesa de reforma política que elimine a exigência de quarentena de 4 anos para  || [513698] Damares Alves (2025-05-16, tema Segurança): Sessão Solene destinada a comemorar o Dia da Polícia Militar do Distrito Federal. Considerações sobre a execelência da PMDF, a melhor polícia do Brasil, segundo V.Exª. Defesa de valorização da carreira policial, com promoções e reajustes salariais. || [513703] Leila Barros (2025-05-16, tema Política): Sessão Solene destinada a comemorar o Dia da Polícia Militar do Distrito Federal. Destaque para a importância da PMDF como instituição essencial à segurança da população e dos Poderes da República, sediados em Brasília. Defesa de valorização da categoria com q || [513706] Izalci Lucas (2025-05-16, tema Segurança): Encerramento de Sessão Solene destinada a comemorar o Dia da Polícia Militar do Distrito Federal.;Nenhum dos discursos na amostra mencionou diretamente a Polícia Militar do Distrito Federal [D1] [D2] [D3]. No entanto, três parlamentares (Izalci Lucas) fizeram referência indireta ao tema durante sessões solenes em comemoração ao Dia da Polícia Militar do DF. Embora o período seja curto e a amostra limitada, isso sugere que os senadores priorizaram outros temas como Segurança e Política no contexto das sessões [D1] [D2].;;n/a;;;
A010;Q27;Comparacao;Sim;Os discursos sobre a PMDF foram feitos por senadores de quais estados?;todos do DF;[513696] Izalci Lucas (2025-05-16, tema Segurança): Abertura de Sessão Solene destinada a comemorar o Dia da Polícia Militar do Distrito Federal. || [513697] Izalci Lucas (2025-05-16, tema Política): Sessão Solene destinada a comemorar o Dia da Polícia Militar do Distrito Federal. Considerações sobre a coragem, disiplina e sacrifício da instituição, guardiã da capital federal. Defesa de reforma política que elimine a exigência de quarentena de 4 anos para  || [513698] Damares Alves (2025-05-16, tema Segurança): Sessão Solene destinada a comemorar o Dia da Polícia Militar do Distrito Federal. Considerações sobre a execelência da PMDF, a melhor polícia do Brasil, segundo V.Exª. Defesa de valorização da carreira policial, com promoções e reajustes salariais. || [513703] Leila Barros (2025-05-16, tema Política): Sessão Solene destinada a comemorar o Dia da Polícia Militar do Distrito Federal. Destaque para a importância da PMDF como instituição essencial à segurança da população e dos Poderes da República, sediados em Brasília. Defesa de valorização da categoria com q || [513706] Izalci Lucas (2025-05-16, tema Segurança): Encerramento de Sessão Solene destinada a comemorar o Dia da Polícia Militar do Distrito Federal.;Com base nos discursos recuperados, podemos observar que os senadores que fizeram declarações sobre a Polícia Militar do Distrito Federal (PMDF) são:  - Leila Barros (PDT) - Damares Alves (REPUBLICANOS)  Esses dois senadores fizeram discursos em sessões solenes destinadas a comemorar o Dia da PMDF, destacando a importância da instituição e defendendo valorização da categoria policial.  É importante notar que o período de análise é curto (entre 5 e 16 de maio de 2025), mas ainda assim podemos extrair informações relevantes sobre os discursos feitos pelos senadores.;;n/a;;;
A011;Q31;Busca por tema;Sim;Liste os discursos relacionados a Companhia Nacional de Abastecimento (Conab).;"sessao solene Conab em 14/05; conferir lista completa";[514221] FREDERICO CABRAL DE MENEZES (2025-05-14, tema Trabalho): Sessão Solene destinada a celebrar o aniversário de 35 anos da criação da Companhia Nacional de Abastecimento (Conab). Destaque para a atuação dos trabalhadores da Conab, considerados guardiões da missão do órgão. || [514220] JULCIANE ANZILAGO (2025-05-14, tema Trabalho): Sessão Solene destinada a celebrar o aniversário de 35 anos da criação da Companhia Nacional de Abastecimento (Conab). Destaque para a atuação da Conab como órgão de valorização da agricultura camponesa. || [514218] LILIAN DOS SANTOS RAHAL (2025-05-14, tema Educação): Sessão Solene destinada a celebrar o aniversário de 35 anos da criação da Companhia Nacional de Abastecimento (Conab). Destaque para Programa de Aquisição de Alimentos (PAA) e Programa Nacional de Alimentação Escolar (PNAE), ambos vinculados à Conab. || [514216] JOÃO EDEGAR PRETTO (2025-05-14, tema Trabalho): Sessão Solene destinada a celebrar o aniversário de 35 anos da criação da Companhia Nacional de Abastecimento (Conab). Comentários sobre a relevância dos levantamentos de previsão de safra realizados pela Conab. Registro da retomada dos estoques públicos, cons || [514215] FERNANDA MACHIAVELI (2025-05-14, tema Economia): Sessão Solene destinada a celebrar o aniversário de 35 anos da criação da Companhia Nacional de Abastecimento (Conab). Registro da importância que teve a vinculação da Conab ao Ministério do Desenvolvimento Agrário e Agricultura Familiar, para o que o órgão re;"Dos 152 discursos analisados, sete abordaram a Companhia Nacional de Abastecimento (Conab).  A temática predominante foi ""Trabalho"", seguida por ""Economia"" e ""Outros"". A maioria dos discursos sobre a Conab ocorreu em uma sessão solene para celebrar o aniversário de 35 anos do órgão [D1, D2, D3, D4, D5, D6, D7, D8, D9].";;n/a;;;
A012;Q21;Agregacao/contagem;Sim;Quantas datas de sessao distintas estao cobertas no corpus?;GOLD: 9 datas (05,06,07,08,09,12,13,14,16 de maio);;O corpus abrange sessões em 2 datas distintas: 14 e 16 de maio de 2025 [D6] [D1]. Embora o período seja curto, é possível observar uma concentração dos discursos em torno do tema da Segurança, liderado por parlamentares como Izalci Lucas [D1, D4, D5, D3], destacando a importância da Polícia Militar do Distrito Federal.;;n/a;;;
A013;Q32;Busca por tema;Sim;Quais discursos abordaram a valorizacao de carreiras ou categorias profissionais?;GOLD: 5 discursos contem 'valoriza' no resumo;[513703] Leila Barros (2025-05-16, tema Política): Sessão Solene destinada a comemorar o Dia da Polícia Militar do Distrito Federal. Destaque para a importância da PMDF como instituição essencial à segurança da população e dos Poderes da República, sediados em Brasília. Defesa de valorização da categoria com q || [513698] Damares Alves (2025-05-16, tema Segurança): Sessão Solene destinada a comemorar o Dia da Polícia Militar do Distrito Federal. Considerações sobre a execelência da PMDF, a melhor polícia do Brasil, segundo V.Exª. Defesa de valorização da carreira policial, com promoções e reajustes salariais. || [514220] JULCIANE ANZILAGO (2025-05-14, tema Trabalho): Sessão Solene destinada a celebrar o aniversário de 35 anos da criação da Companhia Nacional de Abastecimento (Conab). Destaque para a atuação da Conab como órgão de valorização da agricultura camponesa. || [513619] Zenaide Maia (2025-05-14, tema Meio Ambiente): Exaltação ao papel da Companhia Nacional de Abastecimento (Conab) na garantia de segurança alimentar e na valorização da agricultura familiar no Brasil, com reconhecimento da importância da instituição para enfrentar crises climáticas e assegurar dignidade aos || [513568] Paulo Paim (2025-05-13, tema Economia): Preocupação com propostas de congelamento do salário mínimo, consideradas por S. Exa. como retrocesso, e defesa de sua valorização como instrumento de combate à pobreza e fortalecimento da economia, com ênfase na política de reajuste baseada na inflação e no c;Com base nos discursos analisados, apenas dois parlamentares mencionaram a valorização de carreiras ou categorias profissionais: Leila Barros [D1] e Damares Alves [D2]. Ambos os discursos se concentraram na valorização da Polícia Militar do Distrito Federal, destacando promoções, reajustes salariais e melhorias nas condições de trabalho.   Ainda que o período seja curto (152 discursos entre 2025-05-05 a 2025-05-16), essas menções indicam uma preocupação com a valorização profissional, especialmente em relação à segurança pública.;;n/a;;;
A014;Q19;Agregacao/contagem;Sim;Quantos senadores diferentes discursaram no dia 16 de maio de 2025?;GOLD: 5 senadores, 7 discursos;;Dos 152 discursos analisados entre 5 de maio e 16 de maio de 2025,  o dia 16 de maio teve um número limitado de registros disponíveis.  Para determinar quantos senadores discursaram nesse dia específico, seria necessário analisar os discursos com data de 16 de maio. A amostra atual não possui informações suficientes para responder a essa pergunta.;;n/a;;;
A015;Q17;Agregacao/contagem;Sim;Quantos discursos trataram da Policia Militar do Distrito Federal?;GOLD: 5;[513696] Izalci Lucas (2025-05-16, tema Segurança): Abertura de Sessão Solene destinada a comemorar o Dia da Polícia Militar do Distrito Federal. || [513697] Izalci Lucas (2025-05-16, tema Política): Sessão Solene destinada a comemorar o Dia da Polícia Militar do Distrito Federal. Considerações sobre a coragem, disiplina e sacrifício da instituição, guardiã da capital federal. Defesa de reforma política que elimine a exigência de quarentena de 4 anos para  || [513698] Damares Alves (2025-05-16, tema Segurança): Sessão Solene destinada a comemorar o Dia da Polícia Militar do Distrito Federal. Considerações sobre a execelência da PMDF, a melhor polícia do Brasil, segundo V.Exª. Defesa de valorização da carreira policial, com promoções e reajustes salariais. || [513703] Leila Barros (2025-05-16, tema Política): Sessão Solene destinada a comemorar o Dia da Polícia Militar do Distrito Federal. Destaque para a importância da PMDF como instituição essencial à segurança da população e dos Poderes da República, sediados em Brasília. Defesa de valorização da categoria com q || [513706] Izalci Lucas (2025-05-16, tema Segurança): Encerramento de Sessão Solene destinada a comemorar o Dia da Polícia Militar do Distrito Federal.;"No período analisado; foram registrados cinco discursos que abordaram a Polícia Militar do Distrito Federal (PMDF); representando apenas 3;3% dos 152 discursos registros no Senado Federal. Os parlamentares que mais se destacaram neste tema foram Izalci Lucas (PL) com três discursos sobre a PMDF [D1; D4; D5]. Outros senadores que falaram sobre o assunto foram Leila Barros (PDT) e Damares Alves (REPUBLICANOS); ambos com um discurso cada [D2; D3]. É importante ressaltar que este período é curto e a amostra pode não ser representativa do debate geral sobre o tema.";;n/a;;;
A016;Q01;Factual direta;Sim;Sobre o que discursou a senadora Damares Alves em 16 de maio de 2025?;"Sessao Solene PMDF; tema Seguranca";[513698] Damares Alves (2025-05-16, tema Segurança): Sessão Solene destinada a comemorar o Dia da Polícia Militar do Distrito Federal. Considerações sobre a execelência da PMDF, a melhor polícia do Brasil, segundo V.Exª. Defesa de valorização da carreira policial, com promoções e reajustes salariais.;A senadora Damares Alves discursou sobre segurança em 16 de maio de 2025 [D1], destacando a excelência da Polícia Militar do Distrito Federal (PMDF) e defendendo a valorização da carreira policial, com promoções e reajustes salariais. Esse tema é consistente com os discursos predominantes na amostra, que registra 13 mencionações relacionadas à segurança [ref: estatísticas agregadas].;;n/a;;;
A017;Q01;Factual direta;Sim;Sobre o que discursou a senadora Damares Alves em 16 de maio de 2025?;"Sessao Solene PMDF; tema Seguranca";[513698] Damares Alves (2025-05-16, tema Segurança): Sessão Solene destinada a comemorar o Dia da Polícia Militar do Distrito Federal. Considerações sobre a execelência da PMDF, a melhor polícia do Brasil, segundo V.Exª. Defesa de valorização da carreira policial, com promoções e reajustes salariais.;"Em 16 de maio de 2025, Damares Alves discursou sobre a celebração do Dia da Polícia Militar do Distrito Federal, destacando a importância e valorização da instituição. [D1]  No período analisado (de 5 a 16 de maio), o tema ""Segurança"" foi abordado em 13 discursos, enquanto ""Política"" teve destaque em 41 discursos.";;n/a;;;
A018;Q18;Agregacao/contagem;Sim;Quais foram os tres temas mais recorrentes nos discursos do periodo?;GOLD: Trabalho (44), Politica (41), Outros (28);;Os três temas mais recorrentes nos discursos analisados foram Trabalho (44%), Política (41%) e Outros (28%).  É importante notar que este período de análise é relativamente curto, o que pode influenciar na representatividade dos dados.;;n/a;;;
A019;Q13;Factual direta;Sim;Quem abriu e quem encerrou a Sessao Solene do Dia da PMDF?;Izalci Lucas (abertura 513696, encerramento 513706);[513696] Izalci Lucas (2025-05-16, tema Segurança): Abertura de Sessão Solene destinada a comemorar o Dia da Polícia Militar do Distrito Federal. || [513706] Izalci Lucas (2025-05-16, tema Segurança): Encerramento de Sessão Solene destinada a comemorar o Dia da Polícia Militar do Distrito Federal.;A Sessão Solene do Dia da Polícia Militar do Distrito Federal foi aberta pelo senador Izalci Lucas ([D5]) e encerrada também por ele ([D3]).   Observação: O período de análise é curto, mas ainda assim possível obter insights relevantes.;;n/a;;;
A020;Q03;Factual direta;Sim;O que a senadora Leila Barros defendeu em seu discurso sobre a Policia Militar do DF?;valorizacao da categoria, Fundo Constitucional do DF;[513703] Leila Barros (2025-05-16, tema Política): Sessão Solene destinada a comemorar o Dia da Polícia Militar do Distrito Federal. Destaque para a importância da PMDF como instituição essencial à segurança da população e dos Poderes da República, sediados em Brasília. Defesa de valorização da categoria com q;A senadora Leila Barros defendeu a importância da Polícia Militar do Distrito Federal (PMDF) como instituição essencial à segurança pública e destacou a necessidade de valorização da categoria, com qualificação contínua, reconhecimento profissional e melhoria salarial. Ela também apontou o Fundo Constitucional do Distrito Federal como um instrumento crucial para remuneração das forças de segurança [D1].;;n/a;;;
A021;Q39;Sem resposta no corpus;Não;Quais discursos sobre a PMDF serao feitos no proximo mes?;futuro -> deve recusar;;"É difícil prever com certeza quais discursos sobre a PMDF serão feitos no próximo mês com base apenas nos 152 discursos analisados.  A temática ""Segurança"" apareceu em 13 discursos e ""Política"" em 41, indicando que esses temas são relevantes para os senadores.  No período analisado, Leila Barros [D1] e Damares Alves [D2] já se manifestaram sobre a PMDF durante uma sessão solene comemorando o Dia da Polícia Militar do Distrito Federal.  A frequência de discursos sobre esse tema pode variar no próximo mês.";;;;;
A022;Q33;Sem resposta no corpus;Não;Qual foi o resultado da votacao da CPI das Bets?;corpus tem discursos, nao resultados de votacao -> deve recusar;;"Infelizmente, não há menção explícita à votação da CPI das Bets nos discursos recuperados. No entanto, podemos inferir que os senadores estavam mais preocupados com temas como política, economia e direitos humanos do que com a CPI específica.  O tema ""Política"" é o segundo mais frequente na amostra (41 vezes), seguido de ""Trabalho"" (44 vezes). Além disso, os senadores mais ativos foram Paulo Paim (16 discursos) e Eduardo Girão (9 discursos).  Se considerarmos a falta de menção à CPI das Bets como uma limitação, podemos sugerir que os senadores estavam mais focados em temas mais amplos e importantes para o país. No entanto, é importante notar que a amostra é relativamente curta (apenas 152 discursos) e pode não refletir a opinião de todos os senadores.  Em resumo, embora não haja menção explícita à votação da CPI das Bets, podemos inferir que os senadores estavam mais preocupados com temas como política, economia e direitos humanos.";;;;;
A023;Q12;Factual direta;Sim;Qual o tema atribuido ao discurso de Confucio Moura sobre seu aniversario?;Outros;[513627] Confúcio Moura (2025-05-16, tema Outros): Satisfação com a celebração do aniversário de 77 anos de S. Exa..;"O tema atribuído ao discurso de Confúcio Moura sobre seu aniversário foi ""Outros"". Isso pode ser observado no registro [D1], onde ele expressou satisfação com a celebração do aniversário de 77 anos. Embora o discurso não mencione um tema específico relacionado ao conteúdo principal, ele se enquadra na categoria ""Outros"" de acordo com as estatísticas agregadas que indicam essa frequência para discursos sem categorias predominantes [Estatísticas agregadas].";;n/a;;;
A024;Q15;Agregacao/contagem;Sim;Quantos discursos ha no corpus sobre o tema Seguranca?;GOLD: 13;;"Na amostra de 152 discursos analisados entre os dias 5 e 16 de maio de 2025; foram identificados 13 discursos sobre o tema Segurança. O senador Izalci Lucas foi o mais ativo neste tema com quatro discursos; seguido por Damares Alves e Leila Barros com três discursos cada ([D2]; [D3]; [D9]). Os outros discursos sobre Segurança foram apresentados por senadores como Eduardo Girão; Paulo Paim e Chico Rodrigues ([D1]; [D4]). É importante ressaltar que este período é curto e a amostra pode não ser representativa da frequência geral de discursos sobre Segurança nos discursos dos senadores.";;n/a;;;
A025;Q03;Factual direta;Sim;O que a senadora Leila Barros defendeu em seu discurso sobre a Policia Militar do DF?;valorizacao da categoria, Fundo Constitucional do DF;[513703] Leila Barros (2025-05-16, tema Política): Sessão Solene destinada a comemorar o Dia da Polícia Militar do Distrito Federal. Destaque para a importância da PMDF como instituição essencial à segurança da população e dos Poderes da República, sediados em Brasília. Defesa de valorização da categoria com q;A senadora Leila Barros defendeu a valorização da Polícia Militar do Distrito Federal em seu discurso sobre o tema [D1].  Ela destacou a importância da PMDF para a segurança da população e dos Poderes da República, sediados em Brasília. A senadora também defendeu qualificação contínua, reconhecimento profissional, valorização salarial e melhoria das condições de trabalho para os policiais militares.;;n/a;;;
A026;Q20;Agregacao/contagem;Sim;Quantos discursos o senador Eduardo Girao proferiu no periodo?;GOLD: 9;"[513626] Eduardo Girão (2025-05-16, tema Política): Comentários sobre a CPI das Bets e críticas à influência das empresas de apostas on-line no futebol brasileiro, com elogios ao técnico Filipe Luís, do Flamengo. || [513611] Eduardo Girão (2025-05-14, tema Saúde): Preocupação com a precariedade da segurança e da saúde pública no Estado do Ceará e apelo para a decretação de intervenção federal no estado. || [513606] Eduardo Girão (2025-05-14, tema Outros): Solicitação de inserção em ata de voto de pesar pelo falecimento do escritor espírita Divaldo Franco. || [513585] Eduardo Girão (2025-05-13, tema Infraestrutura): Cobrança de posicionamento de prováveis defensores do governo atual sobre a suposta fraude nos benefícios do INSS. || [513579] Eduardo Girão (2025-05-13, tema Política): Apoio ao Senador Plínio Valério em sua defesa da PEC nº 16/2019, que dispõe sobre o processo de escolha dos ministros do STF e fixa os respectivos mandatos em oito anos. Críticas ao STF. || [513453] Eduardo Girão (2025-05-07, tema Política): Indignação com a aprovação, pela Câmara dos Deputados, do Projeto de Lei Complementar nº 177/2023, que eleva o número de Deputados Federais, com críticas ao possível impacto fiscal e ao efeito cascata nas Assembleias Legislativas. || [513448] Eduardo Girão (2025-05-07, tema Política): Críticas ao Projeto de Lei Complementar (PLP) n° 177, de 2023, aprovado na Câmara dos Deputados, o qual ""Fixa o número de Deputados Federais; estabelece normas para a distribuição das vagas da Câmara dos Deputados entre os Estados e o Distrito Federal; e revog || [513438] Eduardo Girão (2025-05-08, tema Saúde): Denúncia de possível omissão da mídia e blindagem política, durante a CPI da Pandemia, dos desvios na compra de respiradores pelo Consórcio Nordeste e indignação com a permanência do ex-Governador da Bahia Rui Costa no cargo de Ministro da Casa Civil. Alerta p || [513387] Eduardo Girão (2025-05-06, tema Política): Alerta para a necessidade de instalação de CPMI para investigação das denúncias de fraude no INSS, bem como de CPI para investigar supostas irregularidades na Confederação Brasileira de Futebol (CBF).";Eduardo Girão proferiu 9 discursos no período analisado.  Essa frequência coloca o senador entre os mais ativos do Senado durante esse intervalo, atrás apenas de Paulo Paim (16 discursos).  A maioria dos temas abordados por Girão se concentraram em Política e Saúde [D2, D7, D8, D9, D10].;;n/a;;;
A027;Q37;Sem resposta no corpus;Não;Qual a biografia completa da senadora Leila Barros?;corpus nao tem biografia -> deve recusar;;Infelizmente, os dados disponíveis não fornecem informações completas sobre a biografia da senadora Leila Barros. No entanto, podemos extrair algumas informações relevantes:  A senadora Leila Barros é do partido PDT e foi mencionada em apenas um discurso ([D1]) durante o período de análise (2025-05-05 a 2025-05-16). Nesse discurso, ela destacou a importância da Polícia Militar do Distrito Federal e defendeu a valorização da categoria.  Em termos de frequência, Leila Barros não está entre os parlamentares mais ativos (discursos) durante o período de análise, pois apenas um discurso foi mencionado. No entanto, podemos observar que os senadores mais ativos foram Paulo Paim (16 discursos), Eduardo Girão (9 discursos), Chico Rodrigues (7 discursos), Izalci Lucas (6 discursos) e Humberto Costa (5 discursos).  Em relação aos temas predominantes, a política foi o tema mais mencionado durante o período de análise, com 41 discursos. O trabalho também foi um tema importante, com 44 discursos.  É importante notar que o período de análise é relativamente curto e os dados podem não ser representativos da biografia completa da senadora Leila Barros. No entanto, podemos extrair algumas informações relevantes a partir dos dados disponíveis.  **Alternativa:** Para obter uma visão mais completa da biografia da senadora Leila Barros, é recomendável consultar fontes externas, como o site do Senado Federal ou a página pessoal da senadora. Além disso, é possível que os dados sejam atualizados em um futuro próximo, fornecendo informações adicionais sobre a senadora e seus discursos.;;;;;
A028;Q04;Factual direta;Sim;Qual senador discursou sobre o aniversario de 35 anos da Conab?;"Frederico Cabral de Menezes; tema Trabalho. ATENCAO: varios discursos sao sobre a Conab (514220, 514216...), ver Q31";[514221] FREDERICO CABRAL DE MENEZES (2025-05-14, tema Trabalho): Sessão Solene destinada a celebrar o aniversário de 35 anos da criação da Companhia Nacional de Abastecimento (Conab). Destaque para a atuação dos trabalhadores da Conab, considerados guardiões da missão do órgão.;O senador FREDERICO CABRAL DE MENEZES foi um dos parlamentares que discursou sobre o aniversário de 35 anos da Conab [D1]. Além dele, JULCIANE ANZILAGO também abordou o tema em seu pronunciamento [D2], destacando a atuação do órgão na agricultura camponesa. Esses discursos ocorreram no dia 14 de maio de 2025. Embora outros temas tenham sido tratados durante esse período, essas sessões solenes se concentraram na importância da Conab para a segurança alimentar e o abastecimento do país [D6].;;n/a;;;
A029;Q28;Comparacao;Parcial;Comparando os discursos de 14/05 e 16/05/2025, houve diferenca no foco tematico?;"14/05 muitos sobre Conab/Trabalho; 16/05 PMDF/Seguranca+Politica e CPI das Bets";;Comparando os discursos de 14/05 e 16/05/2025, podemos observar que houve uma mudança no foco temático. No dia 14/05, os temas predominantes foram Política (2 discursos) e Trabalho (0 discursos), enquanto no dia 16/05, o tema mais mencionado foi Trabalho (44% dos discursos).  Os dados mostram que Paulo Paim foi o parlamentar mais ativo nos dois dias, com 3 discursos em 14/05 e 2 discursos em 16/05. No entanto, os temas abordados por ele mudaram significativamente entre os dois dias.  No dia 14/05, Esperidião Amin foi o parlamentar mais ativo, com 3 discursos, todos relacionados à Política ([D1], [D2] e [D3]). Já no dia 16/05, Paulo Paim foi novamente o parlamentar mais ativo, mas seus discursos estavam relacionados ao Trabalho.  Essa mudança no foco temático pode ser atribuída à celebração do Dia do Trabalhador em 09/05, que pode ter gerado uma maior discussão sobre temas relacionados ao trabalho nos dias subsequentes. No entanto, é importante notar que o período de análise é curto e os dados podem não ser representativos da tendência geral.  Em resumo, a comparação entre os discursos de 14/05 e 16/05/2025 mostra uma mudança no foco temático, com um aumento na discussão sobre Trabalho nos dias subsequentes à celebração do Dia do Trabalhador.;;n/a;;;
A030;Q37;Sem resposta no corpus;Não;Qual a biografia completa da senadora Leila Barros?;corpus nao tem biografia -> deve recusar;;A senadora Leila Barros, do partido PDT, participou de dois discursos no período entre 2025-05-09 e 2025-05-16. Em um dos pronunciamentos [D1], ela destacou a importância da Polícia Militar do Distrito Federal (PMDF) para a segurança pública, defendendo a valorização da categoria com melhorias salariais e condições de trabalho. No outro discurso [D2], participou de uma sessão especial celebrando o Dia do Trabalhador. Embora suas contribuições sejam relevantes em temas como política e trabalho, seu total de discursos é menor que outros senadores mais ativos na amostra.;;;;;
A031;Q36;Sem resposta no corpus;Não;Quantos votos o senador Paulo Paim recebeu na ultima eleicao?;dado eleitoral fora do corpus -> deve recusar;;Não há informações disponíveis sobre os votos recebidos por Paulo Paim na última eleição nos dados fornecidos. A amostra consiste exclusivamente em pronunciamentos parlamentares feitos durante o período de 2025-05-13 a 2025-05-14, totalizando 152 discursos dos senadores do Senado Federal [D1] até [D5]. Para obter insights sobre os votos recebidos por Paulo Paim na eleição, seria necessário acesso a registros eleitorais ou dados oficiais de campanhas e urnas. Contudo, podemos observar que ele foi um dos senadores mais ativos no período analisado, com 16 discursos [D1] até [D5], destacando-se em temas como Economia, Direitos Humanos e Política.;;;;;
A032;Q23;Comparacao;Sim;Entre Eduardo Girao e Izalci Lucas, quem discursou mais vezes no periodo?;GOLD: Eduardo Girao (9) > Izalci Lucas (6);;Entre Eduardo Girão e Izalci Lucas, Eduardo Girão discursou mais vezes no período analisado. Com base nas estatísticas agregadas, Eduardo Girão teve 16 pronunciamentos, enquanto Izalci Lucas fez apenas 3 [D2], [D3], [D9]. Essa diferença é evidente e reflete a maior atividade parlamentar de Eduardo Girão durante o intervalo considerado.;;n/a;;;
A033;Q32;Busca por tema;Sim;Quais discursos abordaram a valorizacao de carreiras ou categorias profissionais?;GOLD: 5 discursos contem 'valoriza' no resumo;[513703] Leila Barros (2025-05-16, tema Política): Sessão Solene destinada a comemorar o Dia da Polícia Militar do Distrito Federal. Destaque para a importância da PMDF como instituição essencial à segurança da população e dos Poderes da República, sediados em Brasília. Defesa de valorização da categoria com q || [513698] Damares Alves (2025-05-16, tema Segurança): Sessão Solene destinada a comemorar o Dia da Polícia Militar do Distrito Federal. Considerações sobre a execelência da PMDF, a melhor polícia do Brasil, segundo V.Exª. Defesa de valorização da carreira policial, com promoções e reajustes salariais. || [514220] JULCIANE ANZILAGO (2025-05-14, tema Trabalho): Sessão Solene destinada a celebrar o aniversário de 35 anos da criação da Companhia Nacional de Abastecimento (Conab). Destaque para a atuação da Conab como órgão de valorização da agricultura camponesa. || [513619] Zenaide Maia (2025-05-14, tema Meio Ambiente): Exaltação ao papel da Companhia Nacional de Abastecimento (Conab) na garantia de segurança alimentar e na valorização da agricultura familiar no Brasil, com reconhecimento da importância da instituição para enfrentar crises climáticas e assegurar dignidade aos || [513568] Paulo Paim (2025-05-13, tema Economia): Preocupação com propostas de congelamento do salário mínimo, consideradas por S. Exa. como retrocesso, e defesa de sua valorização como instrumento de combate à pobreza e fortalecimento da economia, com ênfase na política de reajuste baseada na inflação e no c;"Na amostra de 152 discursos do Senado Federal entre os dias 5 e 16 de maio de 2025; apenas três discursos abordaram a valorização de carreiras ou categorias profissionais. Os parlamentares que discutiram esse tema foram Leila Barros (PMDF) [D1]; Júlciene Anzilago (Conab) [D3] e Paulo Paim (salário mínimo) [D5]. A valorização da carreira policial foi discutida por Leila Barros e Damares Alves; enquanto a valorização da agricultura camponesa foi abordada por Júlciene Anzilago. O discurso de Paulo Paim não se concentrou especificamente em uma carreira ou categoria profissional; mas sim no salário mínimo como instrumento para combater a pobreza e fortalecer a economia [D5].";;n/a;;;
A034;Q04;Factual direta;Sim;Qual senador discursou sobre o aniversario de 35 anos da Conab?;"Frederico Cabral de Menezes; tema Trabalho. ATENCAO: varios discursos sao sobre a Conab (514220, 514216...), ver Q31";[514221] FREDERICO CABRAL DE MENEZES (2025-05-14, tema Trabalho): Sessão Solene destinada a celebrar o aniversário de 35 anos da criação da Companhia Nacional de Abastecimento (Conab). Destaque para a atuação dos trabalhadores da Conab, considerados guardiões da missão do órgão.;Dos 152 discursos analisados entre 5 de maio e 16 de maio de 2025,  Paulo Paim foi o senador mais prolífico com 16 discursos. O tema predominante foi Trabalho, seguido por Política. Diversos senadores discursaram sobre o aniversário de 35 anos da Conab em sessão solene no dia 14 de maio [D1, D2, D3, D4, D5, D6, D7, D8].;;n/a;;;
A035;Q22;Agregacao/contagem;Sim;Quantos discursos foram classificados com o tema Politica?;GOLD: 41;;"Na amostra de 152 discursos do Senado Federal entre os dias 5 e 16 de maio de 2025; foram identificados 41 discursos com o tema ""Política"". O senador mais ativo nesse período foi Paulo Paim; com 16 discursos; seguido por Eduardo Girão com 9 discursos. Outros senadores que se destacaram no tema foram Chico Rodrigues (7); Izalci Lucas (6) e Humberto Costa (5). Além desses; Esperidião Amin; Plínio Valério e outros também contribuíram com discursos sobre ""Política"".;D1;D2;D3;D4;D5;D6;D7;D8;D9;D10;D11;D12;D13;D14;D15;";;n/a;;;
A036;Q15;Agregacao/contagem;Sim;Quantos discursos ha no corpus sobre o tema Seguranca?;GOLD: 13;;Com base nos dados disponíveis, podemos afirmar que:  * O tema Segurança foi mencionado em 4 discursos ([D1], [D3], [D9] e [D10]). * Os parlamentares mais ativos em discursar sobre segurança foram Izalci Lucas (2 discursos) e Margareth Buzetti (1 discurso). * O período de análise é curto, mas ainda assim podemos observar que o tema Segurança foi mencionado em cerca de 3% dos discursos totais.  É importante notar que a amostra é limitada e pode não refletir a realidade mais ampla. Além disso, a falta de dados sobre outros temas pode ser um problema para análises mais profundas. No entanto, podemos ainda extrair algumas informações úteis sobre o tema Segurança.  Se você quiser saber mais sobre os discursos específicos ou os parlamentares que mencionaram segurança, posso fornecer mais detalhes com base nos dados disponíveis.;;n/a;;;
A037;Q33;Sem resposta no corpus;Não;Qual foi o resultado da votacao da CPI das Bets?;corpus tem discursos, nao resultados de votacao -> deve recusar;;"A análise dos discursos revela que o tema ""Política"" foi o mais abordado, com 41 menções, seguido por ""Trabalho"" com 44.  Eduardo Girão [D1] mencionou a CPI das Bets em seu discurso, criticando a influência de empresas de apostas no futebol brasileiro. No entanto, os discursos não fornecem informações sobre o resultado da votação. A amostra de 152 discursos abrange um período curto (de 5 a 16 de maio de 2025), o que pode limitar a compreensão de tendências mais amplas.";;;;;
A038;Q36;Sem resposta no corpus;Não;Quantos votos o senador Paulo Paim recebeu na ultima eleicao?;dado eleitoral fora do corpus -> deve recusar;;Infelizmente, os dados fornecidos não incluem informações sobre votos recebidos pelos senadores na última eleição. A amostra disponível contém apenas discursos e resumos de temas abordados por cada parlamentar durante o período de 2025-05-05 a 2025-05-16.  No entanto, podemos analisar as estatísticas agregadas para obter algumas informações interessantes. O senador Paulo Paim é o mais ativo na amostra, com 16 discursos, e os temas predominantes são Trabalho (44), Política (41) e Outros (28).  Se considerarmos apenas os discursos de Paulo Paim ([D1], [D2], [D3], [D4] e [D5]), podemos observar que ele abordou temas como Economia, Direitos Humanos, Política e Trabalho. No entanto, não há informações sobre votos recebidos.  Para obter informações sobre votos recebidos pelos senadores na última eleição, seria necessário acessar fontes externas ou dados adicionais que não estão disponíveis na amostra fornecida.;;;;;
A039;Q15;Agregacao/contagem;Sim;Quantos discursos ha no corpus sobre o tema Seguranca?;GOLD: 13;;Existem 13 discursos no corpus sobre o tema Segurança.  Essa temática representa 8,5% do total de discursos analisados.  A maioria dos discursos sobre segurança foram proferidos durante uma sessão solene para celebrar o Dia da Polícia Militar do Distrito Federal [D1, D2, D3, D4].;;n/a;;;
A040;Q08;Factual direta;Sim;O que o senador Izalci Lucas propos sobre a quarentena para policiais militares concorrerem a cargos eletivos?;fim da exigencia de quarentena de 4 anos;[513697] Izalci Lucas (2025-05-16, tema Política): Sessão Solene destinada a comemorar o Dia da Polícia Militar do Distrito Federal. Considerações sobre a coragem, disiplina e sacrifício da instituição, guardiã da capital federal. Defesa de reforma política que elimine a exigência de quarentena de 4 anos para ;O senador Izalci Lucas defendeu a eliminação da exigência de quarentena de 4 anos para policiais militares concorrerem a cargos eletivos durante uma sessão solene em comemoração ao Dia da Polícia Militar do Distrito Federal [D1]. Esse tema foi destacado como um dos pontos principais de sua intervenção, refletindo sua atuação política no período analisado.;;n/a;;;
A041;Q14;Factual direta;Parcial;O registro do discurso de Frederico Cabral de Menezes sobre a Conab informa o partido e a UF do orador?;"ARMADILHA: Partido/UF vazios no CSV; modelo deve reconhecer ausencia, nao inventar";[514221] FREDERICO CABRAL DE MENEZES (2025-05-14, tema Trabalho): Sessão Solene destinada a celebrar o aniversário de 35 anos da criação da Companhia Nacional de Abastecimento (Conab). Destaque para a atuação dos trabalhadores da Conab, considerados guardiões da missão do órgão.;A amostra de discursos dos senadores do Senado Federal apresenta algumas limitações ao responder à sua pergunta. Embora haja informações sobre os parlamentares e seus partidos, não há dados explícitos sobre a UF (Unidade Federativa) de cada orador.  No entanto, podemos inferir que alguns senadores possuem conexões com determinadas regiões do Brasil baseado em suas declarações. Por exemplo, o senador Jorge Kajuru (PSB), ao falar sobre educação, menciona a melhoria no Índice de Desenvolvimento Humano (IDH) da ONU, mas também alerta para a estagnação na educação, sem especificar uma UF específica.  Outro exemplo é o senador Paulo Paim (PT), que destaca o papel da Conab na segurança alimentar e na regulação do mercado agrícola. Embora não seja possível determinar com certeza qual UF ele representa, sua declaração sugere que ele possa estar relacionado à agricultura ou ao setor agrícola de uma região específica.  Em resumo, embora não haja dados explícitos sobre a UF dos senadores, podemos inferir conexões regionais baseadas em suas declarações. No entanto, é importante notar que essas inferências são baseadas em padrões de discursos e temas, e não em informações diretas.  Para obter uma resposta mais precisa, seria necessário adicionar informações sobre a UF dos senadores ou utilizar outras fontes de dados que possam fornecer essa informação.;;n/a;;;
A042;Q04;Factual direta;Sim;Qual senador discursou sobre o aniversario de 35 anos da Conab?;"Frederico Cabral de Menezes; tema Trabalho. ATENCAO: varios discursos sao sobre a Conab (514220, 514216...), ver Q31";[514221] FREDERICO CABRAL DE MENEZES (2025-05-14, tema Trabalho): Sessão Solene destinada a celebrar o aniversário de 35 anos da criação da Companhia Nacional de Abastecimento (Conab). Destaque para a atuação dos trabalhadores da Conab, considerados guardiões da missão do órgão.;Com base nos dados disponíveis, podemos observar que apenas 8 discursos foram realizados em homenagem ao aniversário de 35 anos da Conab, ocorridos no dia 14 de maio de 2025. Os senadores que participaram desses discursos são:  - Frederico Cabral de Menezes - Julciane Anzilago - Lilian dos Santos Rahal - João Edgar Pretto - Fernanda Machiaveli - Paulo Paim - Sérgio Petecão (duas vezes) - Foi observado que os temas predominantes foram Trabalho e Economia, com 4 discursos cada.  A limitação dos dados é que não há informações sobre a presença física dos senadores em outros eventos ou sessões solenes. No entanto, podemos inferir que os senadores mais ativos em discursos (Paulo Paim, Eduardo Girão, Chico Rodrigues, Izalci Lucas, Humberto Costa, Esperidião Amin e Plínio Valério) podem ter participado de outros eventos importantes.  É importante notar que o período analisado é relativamente curto, mas ainda assim podemos obter insights interessantes sobre os discursos dos senadores.;;n/a;;;
A043;Q24;Comparacao;Sim;Os discursos de Leila Barros e Damares Alves sobre a PMDF trataram dos mesmos pontos?;"ambos valorizacao da carreira; comparar enfase";[513703] Leila Barros (2025-05-16, tema Política): Sessão Solene destinada a comemorar o Dia da Polícia Militar do Distrito Federal. Destaque para a importância da PMDF como instituição essencial à segurança da população e dos Poderes da República, sediados em Brasília. Defesa de valorização da categoria com q || [513698] Damares Alves (2025-05-16, tema Segurança): Sessão Solene destinada a comemorar o Dia da Polícia Militar do Distrito Federal. Considerações sobre a execelência da PMDF, a melhor polícia do Brasil, segundo V.Exª. Defesa de valorização da carreira policial, com promoções e reajustes salariais.;A análise dos discursos de Leila Barros e Damares Alves sobre a PMDF não revela que eles tenham tratado dos mesmos pontos. Embora ambos os senadores tenham participado da Sessão Solene destinada a comemorar o Dia da Polícia Militar do Distrito Federal, seus discursos têm focos diferentes.  Leila Barros (PDT) enfatizou a importância da PMDF como instituição essencial à segurança da população e dos Poderes da República, defendendo valorização da categoria com qualificação contínua, reconhecimento profissional, valorização salarial e melhoria das condições de trabalho ([D1]).  Já Damares Alves (REPUBLICANOS) destacou a excelência da PMDF como a melhor polícia do Brasil, segundo ela mesma, e defendeu valorização da carreira policial com promoções e reajustes salariais ([D2]).   Portanto, embora ambos os senadores tenham abordado a temática da PMDF, suas ênfases são diferentes.;;n/a;;;
A044;Q18;Agregacao/contagem;Sim;Quais foram os tres temas mais recorrentes nos discursos do periodo?;GOLD: Trabalho (44), Politica (41), Outros (28);;"Os três temas mais recorrentes nos discursos do período foram Trabalho (44 vezes); Política (41 vezes) e Outros (28 vezes). O senador Paulo Paim foi o que mais se expressou; com 16 discursos; seguido por Eduardo Girão (9); Chico Rodrigues (7); Izalci Lucas (6); Humberto Costa (5); Esperidião Amin (5) e Plínio Valério (5). Além dos dados apresentados acima; é possível observar que o tema Economia foi abordado pelo senador Zenaide Maia em seu discurso [D1]; onde pediu a votação da PEC nº 79/2019 sobre juros cobrados no cartão de crédito e no cheque especial. O tema Infraestrutura foi abordado pelo senador Esperidião Amin em seu discurso [D2]; onde apelou aos Senadores para assinar a PEC que trata da possibilidade de fragmentar o período de descanso obrigatório dos motoristas em rodovias.";;n/a;;;
A045;Q10;Factual direta;Sim;Qual senador elogiou o tecnico Filipe Luis em seu discurso?;"Eduardo Girao; testa atribuicao especifica";[513626] Eduardo Girão (2025-05-16, tema Política): Comentários sobre a CPI das Bets e críticas à influência das empresas de apostas on-line no futebol brasileiro, com elogios ao técnico Filipe Luís, do Flamengo.;Infelizmente, não há evidências de que algum senador tenha elogiado o técnico Filipe Luís em seu discurso durante o período analisado (2025-05-05 a 2025-05-16). No entanto, é interessante notar que Eduardo Girão mencionou o técnico Filipe Luís no contexto de uma crítica à influência das empresas de apostas on-line no futebol brasileiro em seu discurso [D1].;;n/a;;;
A046;Q26;Comparacao;Parcial;As posicoes de Leila Barros (PDT) e Damares Alves (REPUBLICANOS) sobre a valorizacao da PMDF foram convergentes ou divergentes?;"ARMADILHA: ambos defendem valorizacao, mas o Resumo nao da detalhe p/ julgar divergencia; testar extrapolacao";[513703] Leila Barros (2025-05-16, tema Política): Sessão Solene destinada a comemorar o Dia da Polícia Militar do Distrito Federal. Destaque para a importância da PMDF como instituição essencial à segurança da população e dos Poderes da República, sediados em Brasília. Defesa de valorização da categoria com q || [513698] Damares Alves (2025-05-16, tema Segurança): Sessão Solene destinada a comemorar o Dia da Polícia Militar do Distrito Federal. Considerações sobre a execelência da PMDF, a melhor polícia do Brasil, segundo V.Exª. Defesa de valorização da carreira policial, com promoções e reajustes salariais.;A análise dos discursos de Leila Barros (PDT) e Damares Alves (REPUBLICANOS) sobre a valorização da PMDF não foi encontrada em nenhum discurso específico. No entanto, podemos analisar as estatísticas agregadas e os temas predominantes.  Ambas as senadoras participaram de sessões solenes para comemorar o Dia da Polícia Militar do Distrito Federal ([D1] e [D2]). Leila Barros defendeu a valorização da categoria com qualificação contínua, reconhecimento profissional, valorização salarial e melhoria das condições de trabalho ([D2]).  Já Damares Alves destacou a excelência da PMDF e defendeu a valorização da carreira policial, com promoções e reajustes salariais ([D1]). No entanto, não há discursos específicos que mostrem uma convergência ou divergência direta entre as duas senadoras sobre a valorização da PMDF.  É importante notar que o período de análise é curto (11 dias) e os dados podem não ser representativos do comportamento das senadoras em períodos mais longos. Além disso, a ausência de discursos específicos sobre a valorização da PMDF pode indicar que o tema não foi priorizado durante esse período.  Em resumo, embora as estatísticas agregadas mostrem que ambas as senadoras participaram de sessões solenes para comemorar o Dia da Polícia Militar do Distrito Federal, não há discursos específicos que mostrem uma convergência ou divergência direta entre elas sobre a valorização da PMDF.;;n/a;;;
A047;Q13;Factual direta;Sim;Quem abriu e quem encerrou a Sessao Solene do Dia da PMDF?;Izalci Lucas (abertura 513696, encerramento 513706);[513696] Izalci Lucas (2025-05-16, tema Segurança): Abertura de Sessão Solene destinada a comemorar o Dia da Polícia Militar do Distrito Federal. || [513706] Izalci Lucas (2025-05-16, tema Segurança): Encerramento de Sessão Solene destinada a comemorar o Dia da Polícia Militar do Distrito Federal.;"Na amostra de 152 discursos entre os dias 5 e 16 de maio de 2025; o senador Izalci Lucas (PL) abriu a Sessão Solene do Dia da PMDF com três discursos diferentes [D4; D5; D1]. No entanto; não há registro de que ele tenha aberto especificamente a Sessão Solene do Dia da PMDF. O senador Leila Barros (PDT) é o único que abriu um discurso naquele dia com tema relacionado à PMDF [D1].  O encerramento da Sessão Solene do Dia da PMDF foi realizado pelo mesmo senador Izalci Lucas [D3]; conforme registros disponíveis. Não há outro discurso na amostra que tenha sido feito para encerrar a sessão solene em questão.  A amostra é curta; portanto; as informações podem não ser completas e pode haver discursos adicionais que não foram registrados nesta amostra.";;n/a;;;
A048;Q19;Agregacao/contagem;Sim;Quantos senadores diferentes discursaram no dia 16 de maio de 2025?;GOLD: 5 senadores, 7 discursos;;Com base nos dados fornecidos, no dia 16 de maio de 2025, foram discursados por **3 senadores diferentes**. Essa conclusão é extraída diretamente da lista de discursos disponíveis nas fontes recuperadas, onde os parlamentares que se pronunciaram nesse dia são: Paulo Paim [D7], Eduardo Girão (não presente na amostra) e Izalci Lucas (não presente na amostra).   Embora o período seja curto, podemos observar uma predominância de temas relacionados ao **Trabalho**. No total, 44 discursos abordaram esse tema, destacando-se sua relevância no contexto dos pronunciamentos parlamentares.  Se a pergunta exigir mais detalhes sobre presença física ou outros aspectos ausentes das fontes, seria necessário considerar padrões de discursos e temas como alternativa.;;n/a;;;
A049;Q25;Comparacao;Sim;Qual tema teve mais discursos: Trabalho ou Politica?;GOLD: Trabalho (44) > Politica (41);;"Com base nas estatísticas agregadas, podemos afirmar que o tema ""Trabalho"" teve mais discursos do que ""Política"". De acordo com as estatísticas, o tema ""Trabalho"" aparece em 44 discursos, enquanto o tema ""Política"" aparece em 41 discursos.  Além disso, podemos ver que os senadores Paulo Paim e Eduardo Girão são os mais ativos em termos de discursos sobre o tema ""Trabalho"", com 16 e 9 discursos respectivamente. Isso sugere que a discussão sobre o trabalho é uma prioridade para esses senadores.  É importante notar que o período analisado é relativamente curto, apenas 11 dias (de 5 a 16 de maio), mas ainda assim podemos obter insights interessantes sobre as tendências e preferências dos senadores.";;n/a;;;
A050;Q17;Agregacao/contagem;Sim;Quantos discursos trataram da Policia Militar do Distrito Federal?;GOLD: 5;[513696] Izalci Lucas (2025-05-16, tema Segurança): Abertura de Sessão Solene destinada a comemorar o Dia da Polícia Militar do Distrito Federal. || [513697] Izalci Lucas (2025-05-16, tema Política): Sessão Solene destinada a comemorar o Dia da Polícia Militar do Distrito Federal. Considerações sobre a coragem, disiplina e sacrifício da instituição, guardiã da capital federal. Defesa de reforma política que elimine a exigência de quarentena de 4 anos para  || [513698] Damares Alves (2025-05-16, tema Segurança): Sessão Solene destinada a comemorar o Dia da Polícia Militar do Distrito Federal. Considerações sobre a execelência da PMDF, a melhor polícia do Brasil, segundo V.Exª. Defesa de valorização da carreira policial, com promoções e reajustes salariais. || [513703] Leila Barros (2025-05-16, tema Política): Sessão Solene destinada a comemorar o Dia da Polícia Militar do Distrito Federal. Destaque para a importância da PMDF como instituição essencial à segurança da população e dos Poderes da República, sediados em Brasília. Defesa de valorização da categoria com q || [513706] Izalci Lucas (2025-05-16, tema Segurança): Encerramento de Sessão Solene destinada a comemorar o Dia da Polícia Militar do Distrito Federal.;Dos 152 discursos analisados, cinco trataram da Polícia Militar do Distrito Federal.  Os senadores Izalci Lucas [D1, D4, D5], Leila Barros [D2] e Damares Alves [D3] abordaram o tema durante uma sessão solene para celebrar o Dia da Polícia Militar do Distrito Federal.;;n/a;;;
A051;Q04;Factual direta;Sim;Qual senador discursou sobre o aniversario de 35 anos da Conab?;"Frederico Cabral de Menezes; tema Trabalho. ATENCAO: varios discursos sao sobre a Conab (514220, 514216...), ver Q31";[514221] FREDERICO CABRAL DE MENEZES (2025-05-14, tema Trabalho): Sessão Solene destinada a celebrar o aniversário de 35 anos da criação da Companhia Nacional de Abastecimento (Conab). Destaque para a atuação dos trabalhadores da Conab, considerados guardiões da missão do órgão.;"O aniversário de 35 anos da Conab foi comemorado em duas sessões solenes no período analisado (2025-05-05 a 2025-05-16). Dentre os discursos registrados; o senador Paulo Paim foi o mais ativo na discussão sobre o assunto; com um total de 16 discursos. Outros senadores que se destacaram foram Eduardo Girão (9); Chico Rodrigues (7) e Izalci Lucas (6).  O tema predominante nas sessões solenes foi o trabalho; com 44 discursos registrados. O aniversário da Conab foi discutido em 6 discursos; sendo que 3 deles foram feitos por Paulo Paim [D6]. Outros senadores que falaram sobre o assunto foram Fredérico Cabral de Menezes e Julciane Anzilago [D1]; [D2] e João Edegar Pretto [D4].  Embora o período analisado seja curto; é possível observar que a Conab foi discutida em sessões solenes destinadas à celebração de seus aniversários. A importância da Conab para a segurança alimentar e nutricional do país foi destacada por vários senadores.";;n/a;;;
A052;Q30;Busca por tema;Sim;Ha discursos que mencionam apostas esportivas ou empresas de apostas online? Quais?;GOLD: so 513626 (Eduardo Girao, CPI das Bets);[513626] Eduardo Girão (2025-05-16, tema Política): Comentários sobre a CPI das Bets e críticas à influência das empresas de apostas on-line no futebol brasileiro, com elogios ao técnico Filipe Luís, do Flamengo.;"Com base nos dados disponíveis, podemos observar que apenas um discurso menciona apostas esportivas ou empresas de apostas online. O senador Eduardo Girão (NOVO) fez comentários sobre a CPI das Bets e críticas à influência das empresas de apostas on-line no futebol brasileiro em seu discurso [D1].  A frequência de parlamentares que mencionam apostas esportivas ou empresas de apostas online é muito baixa, com apenas um caso registrado. Isso sugere que esse tema não é prioritário para a maioria dos senadores durante o período analisado.  É importante notar que o período analisado é relativamente curto (de 2025-05-05 a 2025-05-16), e pode não ser representativo da frequência com que os parlamentares mencionam esse tema em geral. No entanto, mesmo considerando essa limitação, podemos concluir que as apostas esportivas ou empresas de apostas online não são um tópico frequentemente abordado pelos senadores durante esse período.  Ranking dos parlamentares que mais mencionaram o tema ""apostas esportivas"" ou ""empresas de apostas online"":  * Eduardo Girão (NOVO) - 1 discurso  Total de discursos que mencionam o tema: 1";;n/a;;;
A053;Q11;Factual direta;Parcial;O discurso de Damares Alves sobre a PMDF citou algum projeto de lei especifico? Qual?;"ARMADILHA: o Resumo nao cita PL; modelo deve dizer que nao consta, nao inventar";[513698] Damares Alves (2025-05-16, tema Segurança): Sessão Solene destinada a comemorar o Dia da Polícia Militar do Distrito Federal. Considerações sobre a execelência da PMDF, a melhor polícia do Brasil, segundo V.Exª. Defesa de valorização da carreira policial, com promoções e reajustes salariais.;O discurso de Damares Alves sobre a PMDF não mencionou nenhum projeto de lei específico [D1]. O pronunciamento foi centrado na comemoração do Dia da Polícia Militar do Distrito Federal, destacando a excelência da PMDF e defendendo a valorização da carreira policial.;;n/a;;;
A054;Q26;Comparacao;Parcial;As posicoes de Leila Barros (PDT) e Damares Alves (REPUBLICANOS) sobre a valorizacao da PMDF foram convergentes ou divergentes?;"ARMADILHA: ambos defendem valorizacao, mas o Resumo nao da detalhe p/ julgar divergencia; testar extrapolacao";[513703] Leila Barros (2025-05-16, tema Política): Sessão Solene destinada a comemorar o Dia da Polícia Militar do Distrito Federal. Destaque para a importância da PMDF como instituição essencial à segurança da população e dos Poderes da República, sediados em Brasília. Defesa de valorização da categoria com q || [513698] Damares Alves (2025-05-16, tema Segurança): Sessão Solene destinada a comemorar o Dia da Polícia Militar do Distrito Federal. Considerações sobre a execelência da PMDF, a melhor polícia do Brasil, segundo V.Exª. Defesa de valorização da carreira policial, com promoções e reajustes salariais.;"As análises dos discursos indicam que tanto Leila Barros quanto Damares Alves abordaram a valorização da PMDF em seus pronunciamentos [D1] [D2].  A temática ""Segurança"" foi predominante na amostra, com 13 discursos, demonstrando o interesse do Senado nesse tema.  É importante notar que a amostra de discursos é limitada ao período de 5 a 16 de maio de 2025, o que pode não refletir a totalidade das posições dos senadores sobre o assunto.";;n/a;;;
A055;Q39;Sem resposta no corpus;Não;Quais discursos sobre a PMDF serao feitos no proximo mes?;futuro -> deve recusar;;Com base nas estatísticas agregadas e nos discursos específicos sobre a Polícia Militar do Distrito Federal (PMDF), podemos inferir que:  * A PMDF foi tema de discussão em apenas 2 discursos ([D1] e [D2]) no período de 5 dias, o que representa cerca de 1,3% da totalidade dos discursos analisados. * Os parlamentares mais ativos em discursar sobre a PMDF foram Leila Barros (PDT) e Damares Alves (REPUBLICANOS), com apenas um discurso cada. * O tema predominante relacionado à PMDF foi a Segurança, mencionada em 2 dos 3 discursos que trataram do assunto ([D1] e [D2]). * A valorização da carreira policial e a defesa de promoções e reajustes salariais foram pontos destacados nos discursos sobre a PMDF ([D1] e [D2]).  Considerando o período curto de análise (5 dias) e a baixa frequência de discursos sobre a PMDF, é difícil prever com certeza quais discursos serão feitos no próximo mês. No entanto, podemos sugerir que os parlamentares mais ativos em discursar sobre a PMDF podem continuar a fazer isso no futuro, e que o tema da valorização da carreira policial pode continuar a ser destacado.  Alternativa para obter informações mais precisas:  * Analisar as estatísticas agregadas de longo prazo (por exemplo, ao longo de um ano ou dois) para identificar tendências e padrões nos discursos sobre a PMDF. * Recuperar dados adicionais sobre os discursos dos parlamentares mais ativos em relação à PMDF, como Paulo Paim (PDT), Eduardo Girão (PSD) e Chico Rodrigues (UNIÃO). * Buscar informações sobre as agendas de votação e os projetos de lei relacionados à PMDF para entender melhor o contexto político e a relevância do tema.;;;;;
A056;Q26;Comparacao;Parcial;As posicoes de Leila Barros (PDT) e Damares Alves (REPUBLICANOS) sobre a valorizacao da PMDF foram convergentes ou divergentes?;"ARMADILHA: ambos defendem valorizacao, mas o Resumo nao da detalhe p/ julgar divergencia; testar extrapolacao";[513703] Leila Barros (2025-05-16, tema Política): Sessão Solene destinada a comemorar o Dia da Polícia Militar do Distrito Federal. Destaque para a importância da PMDF como instituição essencial à segurança da população e dos Poderes da República, sediados em Brasília. Defesa de valorização da categoria com q || [513698] Damares Alves (2025-05-16, tema Segurança): Sessão Solene destinada a comemorar o Dia da Polícia Militar do Distrito Federal. Considerações sobre a execelência da PMDF, a melhor polícia do Brasil, segundo V.Exª. Defesa de valorização da carreira policial, com promoções e reajustes salariais.;"As posições de Leila Barros (PDT) e Damares Alves (REPUBLICANOS) sobre a valorização da PMDF foram convergentes no período analisado; pois ambas defenderam a valorização da carreira policial com promoções e reajustes salariais [D1; D2]. No entanto; é importante ressaltar que o período de análise foi curto (apenas 11 dias); portanto; as posições de ambos podem ter se divergido em outros temas ou contextos.";;n/a;;;
A057;Q14;Factual direta;Parcial;O registro do discurso de Frederico Cabral de Menezes sobre a Conab informa o partido e a UF do orador?;"ARMADILHA: Partido/UF vazios no CSV; modelo deve reconhecer ausencia, nao inventar";[514221] FREDERICO CABRAL DE MENEZES (2025-05-14, tema Trabalho): Sessão Solene destinada a celebrar o aniversário de 35 anos da criação da Companhia Nacional de Abastecimento (Conab). Destaque para a atuação dos trabalhadores da Conab, considerados guardiões da missão do órgão.;"O registro do discurso de Frederico Cabral de Menezes sobre a Conab informa o tema (""Trabalho"") [D1], mas não o partido político e nem a UF do orador.  A análise dos 152 discursos revela que ""Trabalho"" é o tema mais frequente, seguido por ""Política"".  Paulo Paim é o senador mais ativo com 16 discursos.";;n/a;;;
A058;Q40;Sem resposta no corpus;Não;Qual a opiniao pessoal do Presidente do Senado sobre a CPI das Bets?;nao consta no corpus -> deve recusar;;"O Presidente do Senado Federal não expressou uma opinião pessoal específica sobre a CPI das Bets nas discursos analisados; que abrangem um período curto de 12 dias (de 5 a 16 de maio de 2025). No entanto; o tema da Política é o segundo mais frequente entre os discursos; com 41 ocorrências; sugerindo que a CPI pode ser um assunto relevante para o Senado Federal. O senador Eduardo Girão foi o mais ativo em relação à discussão do tema Política; com nove discursos ([D1]). Neste contexto; é possível inferir que o Presidente do Senado pode ter se expressado sobre a CPI nas sessões do Senado Federal; mas não há registro dessas declarações nos discursos analisados.";;;;;
A059;Q25;Comparacao;Sim;Qual tema teve mais discursos: Trabalho ou Politica?;GOLD: Trabalho (44) > Politica (41);;"Com base nos dados fornecidos e na análise das estatísticas agregadas, os temas ""Trabalho"" e ""Política"" foram discutidos em 44 e 41 discursos respectivamente [Estatísticas agregadas]. Portanto, o tema **Política** teve mais discursos do que Trabalho durante o período analisado.";;n/a;;;
A060;Q22;Agregacao/contagem;Sim;Quantos discursos foram classificados com o tema Politica?;GOLD: 41;;Foram classificados **41 discursos** com o tema Política na amostra de 152 pronunciamentos analisados [D1, D3, D4, D7]. Essa frequência está alinhada aos dados agregados que indicam a predominância do tema Política como um dos mais abordados pelos senadores durante o período [Estatísticas agregadas].;;n/a;;;
A061;Q37;Sem resposta no corpus;Não;Qual a biografia completa da senadora Leila Barros?;corpus nao tem biografia -> deve recusar;;"A análise dos 152 discursos do Senado Federal entre 5 de maio e 16 de maio de 2025 revela que o tema ""Trabalho"" foi o mais abordado, com 44 menções.  Leila Barros participou da discussão sobre o Dia do Trabalhador [D2]. É importante notar que este período é relativamente curto para uma análise completa da atividade parlamentar.";;;;;
A062;Q21;Agregacao/contagem;Sim;Quantas datas de sessao distintas estao cobertas no corpus?;GOLD: 9 datas (05,06,07,08,09,12,13,14,16 de maio);;Com base nos dados disponíveis, podemos observar que as sessões de discursos foram realizadas em 2 datas distintas: 14 e 16 de maio de 2025. Portanto, a resposta à sua pergunta é:  **Quantas datas de sessão distintas estão cobertas no corpus?**  **Resposta:** Duas datas de sessão distintas estão cobertas no corpus: 14 e 16 de maio de 2025.  Essa análise permite inferir que o período considerado é relativamente curto, com apenas duas datas de sessão. No entanto, ainda é possível extrair informações valiosas sobre os temas e parlamentares mais ativos durante esse período.;;n/a;;;
A063;Q12;Factual direta;Sim;Qual o tema atribuido ao discurso de Confucio Moura sobre seu aniversario?;Outros;[513627] Confúcio Moura (2025-05-16, tema Outros): Satisfação com a celebração do aniversário de 77 anos de S. Exa..;"O tema atribuído ao discurso de Confúcio Moura sobre seu aniversário não foi especificado nas estatísticas agregadas fornecidas; pois o tema ""Outros"" é um grupo heterogêneo que inclui assuntos não classificados em outros grupos. No entanto; analisando os discursos de Confúcio Moura na amostra; ele falou sobre sua satisfação com a celebração do aniversário ([D1]); avanços e desafios da educação no Estado de Rondônia ([D2]) e reflexões sobre as formas de melhorar a qualidade da educação brasileira ([D3]). Considerando que o período é curto; é possível que o tema do aniversário tenha sido o principal foco de seu discurso.";;n/a;;;
A064;Q28;Comparacao;Parcial;Comparando os discursos de 14/05 e 16/05/2025, houve diferenca no foco tematico?;"14/05 muitos sobre Conab/Trabalho; 16/05 PMDF/Seguranca+Politica e CPI das Bets";;Comparando os discursos de 14/05 e 16/05, observa-se uma predominância de temas relacionados ao Trabalho nesse período.  A análise dos discursos disponíveis [D4] a [D15] demonstra que diversos senadores abordaram o tema durante uma Sessão Especial dedicada ao Dia do Trabalhador. É importante notar que essa amostra é limitada e abrange apenas dois dias, portanto, não é possível afirmar com certeza se essa tendência se mantém em outros períodos.;;n/a;;;
A065;Q23;Comparacao;Sim;Entre Eduardo Girao e Izalci Lucas, quem discursou mais vezes no periodo?;GOLD: Eduardo Girao (9) > Izalci Lucas (6);;"Durante o período de 5 a 16 de maio de 2025; Eduardo Girão discursou 9 vezes e Izalci Lucas discursou 6 vezes; sendo que Eduardo Girão foi o parlamentar mais ativo no período. [D1; D5-D12]  Entre os temas abordados; a política foi o mais frequente (41 vezes); seguido por trabalho (44 vezes). [Estatísticas agregadas]  O período analisado é curto; com apenas 11 dias. Portanto; as estatísticas podem mudar significativamente se o período for expandido.;D1;D2;D3;D4;D5;D6;D7;D8;D9;D10;D11;D12;D13;D14;D15;";;n/a;;;
A066;Q35;Sem resposta no corpus;Não;Qual o texto integral do discurso de Damares Alves sobre a PMDF?;corpus so tem Resumo, nao texto integral -> deve recusar/sinalizar;;Infelizmente, não há discurso completo de Damares Alves sobre a PMDF disponível na lista de fontes fornecida. A única informação disponível é um resumo da sessão solene destinada a comemorar o Dia da Polícia Militar do Distrito Federal ([D1]). No entanto, podemos inferir que Damares Alves defendeu a valorização da carreira policial e a promoção de reajustes salariais para os policiais militares do Distrito Federal.  É importante notar que o período analisado é curto (apenas 8 dias), mas ainda assim podemos obter algumas informações interessantes. Damares Alves foi um dos parlamentares mais ativos durante esse período, com 3 discursos registrados ([D1], [D2] e [D3]). O tema de Segurança foi o mais frequentemente abordado por ela, com 2 discursos.  Em termos globais, os temas predominantes foram Trabalho (44), Política (41) e Outros (28). Os parlamentares mais ativos durante esse período foram Paulo Paim (16), Eduardo Girão (9), Chico Rodrigues (7), Izalci Lucas (6), Humberto Costa (5), Esperidião Amin (5) e Plínio Valério (5).  Lembre-se de que essas informações são baseadas apenas na amostra disponível e podem não refletir a realidade mais ampla.;;;;;
A067;Q12;Factual direta;Sim;Qual o tema atribuido ao discurso de Confucio Moura sobre seu aniversario?;Outros;[513627] Confúcio Moura (2025-05-16, tema Outros): Satisfação com a celebração do aniversário de 77 anos de S. Exa..;"A amostra de discursos dos senadores do Senado Federal apresenta algumas características interessantes.   O parlamentar mais ativo no período foi Paulo Paim, com 16 discursos, seguido por Eduardo Girão e Chico Rodrigues, ambos com 9 e 7 discursos respectivamente.  Os temas predominantes nos discursos foram Trabalho (44), Política (41) e Outros (28). No entanto, é importante notar que o tema ""Outros"" pode incluir uma variedade de assuntos não relacionados aos principais temas.  Quando se trata do discurso de Confúcio Moura sobre seu aniversário, podemos ver que ele abordou vários temas em diferentes ocasiões. Em [D1], ele expressou satisfação com a celebração do aniversário. Já em [D2] e [D3], ele discutiu educação e política, respectivamente.  É importante lembrar que o período analisado é relativamente curto (11 dias), mas ainda assim podemos extrair algumas conclusões interessantes sobre as tendências e prioridades dos senadores.";;n/a;;;
A068;Q16;Agregacao/contagem;Sim;Qual senador fez o maior numero de discursos no periodo coberto?;GOLD: Paulo Paim, 16 discursos;;O senador Paulo Paim foi o parlamentar mais ativo no período coberto, com 16 discursos [D1]. Ele lidera os rankings globais de parlamentares mais ativos, destacando-se pela frequência em que se manifestou durante a amostra analisada.;;n/a;;;
A069;Q05;Factual direta;Sim;De qual estado (UF) e o senador Confucio Moura?;"RO; testa uso do campo UF";[513627] Confúcio Moura (2025-05-16, tema Outros): Satisfação com a celebração do aniversário de 77 anos de S. Exa..;Confúcio Moura é um senador do partido MDB e seus discursos abordam temas como Educação e Política.  Ele é um dos parlamentares mais ativos na amostra analisada, com 3 discursos [D1, D2, D3]. A análise de 152 discursos de senadores entre 05/05/2025 e 16/05/2025 revela que os temas mais frequentes são Trabalho e Política.;;n/a;;;
A070;Q16;Agregacao/contagem;Sim;Qual senador fez o maior numero de discursos no periodo coberto?;GOLD: Paulo Paim, 16 discursos;;"O senador que fez o maior número de discursos no período coberto foi Paulo Paim; com 16 discursos. Este período é curto e os dados apresentam uma predominância de temas relacionados à política; com 41 discursos sobre este assunto. Outros temas relevantes incluem trabalho (44 discursos); segurança (13 discursos) e educação (7 discursos). Além do senador Paulo Paim; os demais cinco senadores mais ativos foram Eduardo Girão (9 discursos); Chico Rodrigues (7 discursos); Izalci Lucas (6 discursos); Humberto Costa (5 discursos) e Esperidião Amin (5 discursos). [D1; D2; D3; D4; D5; D6; D7; D8; D9; D10]";;n/a;;;
A071;Q29;Busca por tema;Sim;Quais discursos trataram do tema Seguranca?;"GOLD: 13 discursos com Tema=Seguranca; conferir lista de ids no snapshot";;Dos 152 discursos analisados no período de 2025-05-05 a 2025-05-16, apenas cinco trataram do tema Segurança [D1], [D3], [D4], [D9] e [D10]. Entre os parlamentares que se manifestaram sobre esse assunto estão Izalci Lucas (PL) com dois discursos ([D1], [D4]), Damares Alves (REPUBLICANOS) ([D3]), Margareth Buzetti (PSD) ([D9]) e Eduardo Girão (NOVO) ([D10]). A questão de segurança foi destacada, especialmente em relação à valorização da Polícia Militar do Distrito Federal [D1, D2, D3], à violência sexual contra crianças e adolescentes [D9] e às precárias condições de saúde pública no Ceará [D10]. Embora o período seja curto, essas discussões indicam a relevância do tema para os senadores.;;n/a;;;
A072;Q02;Factual direta;Sim;Qual foi o tema do discurso de Eduardo Girao sobre a CPI das Bets?;"tema Politica; unico discurso que cita apostas";[513626] Eduardo Girão (2025-05-16, tema Política): Comentários sobre a CPI das Bets e críticas à influência das empresas de apostas on-line no futebol brasileiro, com elogios ao técnico Filipe Luís, do Flamengo.;Com base nos dados disponíveis, podemos afirmar que Eduardo Girão foi um dos parlamentares mais ativos durante o período de 2025-05-05 a 2025-05-16, com 9 discursos registrados. Ele abordou vários temas, incluindo Política (4 vezes), Saúde (2 vezes) e Outros (1 vez).  O tema do discurso de Eduardo Girão sobre a CPI das Bets não está explícito nos dados disponíveis. No entanto, podemos encontrar um discurso relacionado à CPI das Bets no registro [D1], onde ele faz comentários sobre a CPI das Bets e críticas à influência das empresas de apostas on-line no futebol brasileiro.  É importante notar que o período analisado é relativamente curto, mas ainda assim podemos obter algumas informações interessantes sobre os parlamentares e os temas abordados.;;n/a;;;
A073;Q40;Sem resposta no corpus;Não;Qual a opiniao pessoal do Presidente do Senado sobre a CPI das Bets?;nao consta no corpus -> deve recusar;;Com base nos discursos disponíveis na amostra de 152 pronunciamentos entre 2025-05-05 e 2025-05-16, não há menção direta da opinião pessoal do Presidente do Senado sobre a CPI das Bets. A maioria dos parlamentares abordou temas como política, economia e direitos humanos, mas o presidente não foi mencionado em nenhum dos discursos analisados [D1] [D2] [D3] [D4] [D5].   Embora a amostra seja limitada ao período de 11 dias, observa-se que os temas predominantes foram trabalho e política. A ausência do presidente na discussão sugere que ele pode ter uma posição distinta ou não tenha se manifestado diretamente sobre o assunto durante esse intervalo.;;;;;
A074;Q13;Factual direta;Sim;Quem abriu e quem encerrou a Sessao Solene do Dia da PMDF?;Izalci Lucas (abertura 513696, encerramento 513706);[513696] Izalci Lucas (2025-05-16, tema Segurança): Abertura de Sessão Solene destinada a comemorar o Dia da Polícia Militar do Distrito Federal. || [513706] Izalci Lucas (2025-05-16, tema Segurança): Encerramento de Sessão Solene destinada a comemorar o Dia da Polícia Militar do Distrito Federal.;A Sessão Solene do Dia da PMDF foi aberta por Izalci Lucas [D5] e encerrada por Izalci Lucas também [D3]. No período analisado, Izalci Lucas foi o parlamentar mais ativo com 7 discursos, destacando-se em temas como Segurança e Política.;;n/a;;;
A075;Q21;Agregacao/contagem;Sim;Quantas datas de sessao distintas estao cobertas no corpus?;GOLD: 9 datas (05,06,07,08,09,12,13,14,16 de maio);;"A amostra de discursos contém registros de 152 sessões distintas; cobertas no período entre 2025-05-05 e 2025-05-16. Os parlamentares mais ativos neste intervalo foram Paulo Paim (16 discursos); Eduardo Girão (9); Chico Rodrigues (7); Izalci Lucas (6); Humberto Costa (5); Esperidião Amin (5) e Plínio Valério (5). Os temas predominantes foram Trabalho (44 discursos); Política (41); Outros (28); Segurança (13); Educação (7); Economia (7); Direitos Humanos (6) e Saúde (2). [D1; D2; D3; D4; D5] foram discursos sobre a comemoração do Dia da Polícia Militar do Distrito Federal. [D6; D7; D8; D9; D10] foram discursos sobre a celebração do aniversário de 35 anos da Companhia Nacional de Abastecimento (Conab).";;n/a;;;
A076;Q38;Sem resposta no corpus;Não;O que foi discutido na Camara dos Deputados sobre apostas online?;corpus e do Senado, nao da Camara -> deve recusar;;"No período analisado; não houve discursos sobre apostas online registrados nos discursos dos senadores da Câmara dos Deputados. No entanto; podemos obter uma visão geral de outros temas discutidos durante o mesmo período.  Ao todo; foram registrados 152 discursos; com a maior participação de parlamentares como Paulo Paim (16); Eduardo Girão (9) e Chico Rodrigues (7). Os temas predominantes incluem Trabalho (44); Política (41); Outros (28); Segurança (13); Educação (7); Economia (7); Direitos Humanos (6); Saúde (2) e Infraestrutura (2).  Para obter informações mais detalhadas sobre outros temas discutidos; é recomendável consultar os discursos individuais disponíveis.;D1;D2;D3;D4;D5;D6;D7;D8;D9;D10;D11;D12;D13;D14;D15;";;;;;
A077;Q26;Comparacao;Parcial;As posicoes de Leila Barros (PDT) e Damares Alves (REPUBLICANOS) sobre a valorizacao da PMDF foram convergentes ou divergentes?;"ARMADILHA: ambos defendem valorizacao, mas o Resumo nao da detalhe p/ julgar divergencia; testar extrapolacao";[513703] Leila Barros (2025-05-16, tema Política): Sessão Solene destinada a comemorar o Dia da Polícia Militar do Distrito Federal. Destaque para a importância da PMDF como instituição essencial à segurança da população e dos Poderes da República, sediados em Brasília. Defesa de valorização da categoria com q || [513698] Damares Alves (2025-05-16, tema Segurança): Sessão Solene destinada a comemorar o Dia da Polícia Militar do Distrito Federal. Considerações sobre a execelência da PMDF, a melhor polícia do Brasil, segundo V.Exª. Defesa de valorização da carreira policial, com promoções e reajustes salariais.;As posições de Leila Barros (PDT) e Damares Alves (REPUBLICANOS) sobre a valorização da PMDF foram convergentes em relação ao reconhecimento da importância da instituição para a segurança pública. Ambas defendem a necessidade de valorização, destacando promoções, reajustes salariais e melhorias nas condições de trabalho [D2]. No entanto, o período analisado é curto (10 dias), limitando uma análise mais detalhada das variações entre os temas abordados por cada parlamentar.;;n/a;;;
A078;Q09;Factual direta;Sim;Em que data ocorreu o discurso de Eduardo Girao sobre as empresas de apostas online?;2025-05-16;[513626] Eduardo Girão (2025-05-16, tema Política): Comentários sobre a CPI das Bets e críticas à influência das empresas de apostas on-line no futebol brasileiro, com elogios ao técnico Filipe Luís, do Flamengo.;"Eduardo Girão fez um discurso sobre as empresas de apostas online no dia 16 de maio de 2025 (ref: D1). Este foi o único discurso do senador sobre esse tema durante a amostra analisada; que abrangeu os dias de 5 a 16 de maio de 2025 e contou com 152 registros. Eduardo Girão foi um dos parlamentares mais ativos na amostra; tendo feito 9 discursos em total (ranking global: 3º).;D1;D2;D3;D4;D5;D6;D7;D8;D9;D10;D11;D12;D13;D14;D15;";;n/a;;;
A079;Q32;Busca por tema;Sim;Quais discursos abordaram a valorizacao de carreiras ou categorias profissionais?;GOLD: 5 discursos contem 'valoriza' no resumo;[513703] Leila Barros (2025-05-16, tema Política): Sessão Solene destinada a comemorar o Dia da Polícia Militar do Distrito Federal. Destaque para a importância da PMDF como instituição essencial à segurança da população e dos Poderes da República, sediados em Brasília. Defesa de valorização da categoria com q || [513698] Damares Alves (2025-05-16, tema Segurança): Sessão Solene destinada a comemorar o Dia da Polícia Militar do Distrito Federal. Considerações sobre a execelência da PMDF, a melhor polícia do Brasil, segundo V.Exª. Defesa de valorização da carreira policial, com promoções e reajustes salariais. || [514220] JULCIANE ANZILAGO (2025-05-14, tema Trabalho): Sessão Solene destinada a celebrar o aniversário de 35 anos da criação da Companhia Nacional de Abastecimento (Conab). Destaque para a atuação da Conab como órgão de valorização da agricultura camponesa. || [513619] Zenaide Maia (2025-05-14, tema Meio Ambiente): Exaltação ao papel da Companhia Nacional de Abastecimento (Conab) na garantia de segurança alimentar e na valorização da agricultura familiar no Brasil, com reconhecimento da importância da instituição para enfrentar crises climáticas e assegurar dignidade aos || [513568] Paulo Paim (2025-05-13, tema Economia): Preocupação com propostas de congelamento do salário mínimo, consideradas por S. Exa. como retrocesso, e defesa de sua valorização como instrumento de combate à pobreza e fortalecimento da economia, com ênfase na política de reajuste baseada na inflação e no c;"Dos 152 discursos analisados,  a valorização de carreiras profissionais foi abordada em alguns pronunciamentos. A temática ""Trabalho"" foi predominante, com 44 ocorrências, indicando que essa área é relevante para os senadores. Discourses como [D1] e [D2] destacaram a importância da valorização da carreira policial, enquanto [D5] defendeu a valorização do salário mínimo como instrumento de combate à pobreza.  É importante notar que este período de análise é curto e pode não refletir a totalidade das discussões sobre o tema no Senado.";;n/a;;;
A080;Q36;Sem resposta no corpus;Não;Quantos votos o senador Paulo Paim recebeu na ultima eleicao?;dado eleitoral fora do corpus -> deve recusar;;"O senador Paulo Paim foi um dos mais ativos no Senado Federal durante o período analisado; tendo participado de 16 discursos. No entanto; não há informações disponíveis sobre sua última eleição e; portanto; não é possível responder à pergunta especificada sobre o número de votos recebidos.  Entretanto; podemos observar que o tema mais frequente nos discursos do senador Paulo Paim foi o trabalho (44% dos discursos); seguido por política (41%) e economia (7%). Além disso; ele também abordou direitos humanos (6%) e outros temas (28%).  Durante o período analisado; Paulo Paim participou de um discurso sobre a segurança alimentar [D1]; uma homenagem ao ex-presidente do Uruguai José Mujica [D2] e apoiou uma proposta de voto de pesar pelo escritor espírita Divaldo Franco [D3]. Ele também participou de um discurso sobre a preocupação com propostas de congelamento do salário mínimo [D4]; bem como o encerramento de uma sessão especial destinada à comemoração dos 30 anos do Grupo Especial de Fiscalização Móvel (GEFM) do Ministério do Trabalho e Emprego [D5].";;;;;
A081;Q22;Agregacao/contagem;Sim;Quantos discursos foram classificados com o tema Politica?;GOLD: 41;;"Foram classificados **41 discursos** com o tema ""Política"".  Este tema é o segundo mais predominante na amostra analisada, atrás apenas de ""Trabalho"" (44 discursos).  Senadores como Eduardo Girão [D2], Wellington Fagundes [D1] e Izalci Lucas [D4] abordaram este tema em seus pronunciamentos. É importante notar que a análise se baseia em um período relativamente curto, o que pode influenciar na representatividade dos dados.";;n/a;;;
A082;Q02;Factual direta;Sim;Qual foi o tema do discurso de Eduardo Girao sobre a CPI das Bets?;"tema Politica; unico discurso que cita apostas";[513626] Eduardo Girão (2025-05-16, tema Política): Comentários sobre a CPI das Bets e críticas à influência das empresas de apostas on-line no futebol brasileiro, com elogios ao técnico Filipe Luís, do Flamengo.;"O tema do discurso de Eduardo Girão sobre a CPI das Bets foi ""Política"" [D1]. Em seu pronunciamento, ele comentou sobre a influência das empresas de apostas on-line no futebol brasileiro e elogiou o técnico Filipe Luís, do Flamengo. Embora o discurso tenha se concentrado em aspectos políticos, é importante notar que o período considerado para análise é curto (12 dias), o que limita a profundidade da análise temática.";;n/a;;;
A083;Q10;Factual direta;Sim;Qual senador elogiou o tecnico Filipe Luis em seu discurso?;"Eduardo Girao; testa atribuicao especifica";[513626] Eduardo Girão (2025-05-16, tema Política): Comentários sobre a CPI das Bets e críticas à influência das empresas de apostas on-line no futebol brasileiro, com elogios ao técnico Filipe Luís, do Flamengo.;O senador Eduardo Girão elogiou o técnico Filipe Luís em seu discurso [D1].  Em um total de 152 discursos analisados entre 5 de maio e 16 de maio de 2025, os temas mais abordados foram Trabalho (44%) e Política (41%). Paulo Paim foi o senador mais prolífico com 16 discursos.;;n/a;;;
A084;Q03;Factual direta;Sim;O que a senadora Leila Barros defendeu em seu discurso sobre a Policia Militar do DF?;valorizacao da categoria, Fundo Constitucional do DF;[513703] Leila Barros (2025-05-16, tema Política): Sessão Solene destinada a comemorar o Dia da Polícia Militar do Distrito Federal. Destaque para a importância da PMDF como instituição essencial à segurança da população e dos Poderes da República, sediados em Brasília. Defesa de valorização da categoria com q;"A senadora Leila Barros defendeu a valorização da categoria com qualificação contínua; reconhecimento profissional; valorização salarial e melhoria das condições de trabalho para a Polícia Militar do Distrito Federal (PMDF); em seu discurso sobre ela durante uma sessão solene em 16 de maio de 2025 [D1]. Neste período; o tema ""Política"" foi o quarto mais frequente entre os discursos dos senadores; com 41 ocorrências. A PMDF foi a instituição mais defendida no tema ""Segurança""; com 13 ocorrências. O período analisado é curto; mas as discussões sobre a PMDF e suas condições de trabalho estão entre os principais assuntos abordados pelos senadores.";;n/a;;;
A085;Q35;Sem resposta no corpus;Não;Qual o texto integral do discurso de Damares Alves sobre a PMDF?;corpus so tem Resumo, nao texto integral -> deve recusar/sinalizar;;O discurso de Damares Alves sobre a PMDF está presente no registro [D1].  No total, foram analisados 152 discursos de senadores entre 5 de maio e 16 de maio de 2025, com temas como Trabalho (44%) e Política (41%) sendo os mais recorrentes.  Damares Alves se posicionou sobre a importância da PMDF em [D1].;;;;;
A086;Q09;Factual direta;Sim;Em que data ocorreu o discurso de Eduardo Girao sobre as empresas de apostas online?;2025-05-16;[513626] Eduardo Girão (2025-05-16, tema Política): Comentários sobre a CPI das Bets e críticas à influência das empresas de apostas on-line no futebol brasileiro, com elogios ao técnico Filipe Luís, do Flamengo.;O discurso de Eduardo Girão sobre as empresas de apostas online ocorreu em 16 de maio de 2025 [D1]. Nesse pronunciamento, ele comentou sobre a CPI das Bets e criticou a influência dessas empresas no futebol brasileiro. Embora o período seja curto (apenas 11 dias), Eduardo Girão foi um dos parlamentares mais ativos durante esse intervalo, com um total de 9 discursos [D1] [D2] [D3] [D4].;;n/a;;;
A087;Q05;Factual direta;Sim;De qual estado (UF) e o senador Confucio Moura?;"RO; testa uso do campo UF";[513627] Confúcio Moura (2025-05-16, tema Outros): Satisfação com a celebração do aniversário de 77 anos de S. Exa..;O senador Confúcio Moura representa o estado de Rondônia [D1]. Ele tem destacado a educação no seu estado em discursos recentes, como no pronunciamento de 12 de maio de 2025 [D1], onde abordou os avanços e desafios da educação em Rondônia.;;n/a;;;
A088;Q08;Factual direta;Sim;O que o senador Izalci Lucas propos sobre a quarentena para policiais militares concorrerem a cargos eletivos?;fim da exigencia de quarentena de 4 anos;[513697] Izalci Lucas (2025-05-16, tema Política): Sessão Solene destinada a comemorar o Dia da Polícia Militar do Distrito Federal. Considerações sobre a coragem, disiplina e sacrifício da instituição, guardiã da capital federal. Defesa de reforma política que elimine a exigência de quarentena de 4 anos para ;Infelizmente, não há registros de discursos do senador Izalci Lucas sobre a quarentena para policiais militares concorrerem a cargos eletivos. No entanto, podemos analisar as estatísticas agregadas e os discursos disponíveis.  O senador Izalci Lucas foi o 5º parlamentar mais ativo durante o período, com 6 discursos. Ele abordou temas como Política (D1), Segurança (D2 e D3) e Outros (D4).  A quarentena para policiais militares concorrerem a cargos eletivos foi mencionada apenas em um discurso do senador Izalci Lucas, que defendeu uma reforma política que eliminasse essa exigência (D1). No entanto, não há registros de discursos específicos sobre esse tema.  É importante notar que o período analisado é relativamente curto (11 dias), e pode haver discursos do senador Izalci Lucas ou outros parlamentares que não foram incluídos na amostra. Além disso, a falta de registros sobre a quarentena para policiais militares concorrerem a cargos eletivos pode indicar que esse tema não foi abordado durante o período analisado.  Em resumo, embora não haja registros de discursos do senador Izalci Lucas sobre a quarentena para policiais militares concorrerem a cargos eletivos, podemos concluir que ele defendeu uma reforma política que eliminasse essa exigência (D1).;;n/a;;;
A089;Q21;Agregacao/contagem;Sim;Quantas datas de sessao distintas estao cobertas no corpus?;GOLD: 9 datas (05,06,07,08,09,12,13,14,16 de maio);;O corpus analisado abrange discursos de senadores entre 2025-05-14 e 2025-05-16, totalizando 152 discursos.  A análise indica que o período é curto, limitando a identificação de variações significativas ao longo do tempo. No entanto, podemos observar que os temas mais abordados são Trabalho (44%), Política (41%) e Outros (28%).;;n/a;;;
A090;Q30;Busca por tema;Sim;Ha discursos que mencionam apostas esportivas ou empresas de apostas online? Quais?;GOLD: so 513626 (Eduardo Girao, CPI das Bets);[513626] Eduardo Girão (2025-05-16, tema Política): Comentários sobre a CPI das Bets e críticas à influência das empresas de apostas on-line no futebol brasileiro, com elogios ao técnico Filipe Luís, do Flamengo.;"Sim; existem discursos que mencionam empresas de apostas online no contexto do futebol brasileiro. O senador Eduardo Girão foi o mais ativo em discutir esse tema; com um total de 9 discursos durante o período analisado [D1]. Outros parlamentares que mencionaram a questão foram Paulo Paim e Chico Rodrigues; com 7 e 6 discursos respectivamente. Nesse contexto; os temas Política e Trabalho são predominantes na amostra de 152 discursos analisados.";;n/a;;;
A091;Q02;Factual direta;Sim;Qual foi o tema do discurso de Eduardo Girao sobre a CPI das Bets?;"tema Politica; unico discurso que cita apostas";[513626] Eduardo Girão (2025-05-16, tema Política): Comentários sobre a CPI das Bets e críticas à influência das empresas de apostas on-line no futebol brasileiro, com elogios ao técnico Filipe Luís, do Flamengo.;"Eduardo Girão apresentou um discurso sobre a CPI das Bets no dia 16 de maio de 2025 (D1). O tema predominante do discurso foi a política; conforme as estatísticas agregadas da amostra. No período analisado; o senador Girão é o quarto mais ativo em número de discursos; com nove apresentados.";;n/a;;;
A092;Q37;Sem resposta no corpus;Não;Qual a biografia completa da senadora Leila Barros?;corpus nao tem biografia -> deve recusar;;"A senadora Leila Barros é membro do Partido Democrático Trabalhista (PDT) e atuou em 1 discurso no período analisado; com foco principal em política [D1]. Ela se posiciona entre os 20 mais ativos na amostra; ocupando a posição 17. O tema político foi o mais frequente nas discussões do Senado Federal durante esse período; sendo que o trabalho foi o tema mais discutido em geral; com 44 ocorrências [D2]. A biografia completa da senadora Leila Barros não é fornecida nos dados disponíveis.";;;;;
A093;Q35;Sem resposta no corpus;Não;Qual o texto integral do discurso de Damares Alves sobre a PMDF?;corpus so tem Resumo, nao texto integral -> deve recusar/sinalizar;;O texto integral do discurso de Damares Alves sobre a PMDF está disponível no registro [D1]. No discurso, ela destaca a excelência da Polícia Militar do Distrito Federal (PMDF), considerada a melhor polícia do Brasil. Além disso, defende a valorização da carreira policial, mencionando promoções e reajustes salariais [D1].  Infelizmente, os registros disponíveis não incluem o texto integral dos discursos. No entanto, podemos inferir que o tema central foi a comemoração do Dia da Polícia Militar do Distrito Federal, destacando a importância da PMDF para a segurança da população e dos Poderes da República em Brasília [D1].;;;;;
A094;Q34;Sem resposta no corpus;Não;O que o senador Eduardo Girao discursou em janeiro de 2023?;fora do recorte (maio/2025) -> deve recusar;;"O senador Eduardo Girão não discursou em janeiro de 2023 na amostra analisada; que abrange apenas os discursos registrados entre os dias 5 e 16 de maio de 2025. No entanto; podemos obter informações sobre seus temas preferidos e sua atividade parlamentar em geral. Eduardo Girão é o quarto mais ativo na amostra analisada; com nove discursos; sendo que os temas predominantes em seus discursos são Política (42%) e Outros (33%). [D1]; [D2]; [D3]; [D8]; [D9] e [D10] são alguns dos discursos de Eduardo Girão que estão disponíveis na amostra analisada.";;;;;
A095;Q06;Factual direta;Sim;A que partido pertence o senador Izalci Lucas?;"PL; testa campo Partido";[513696] Izalci Lucas (2025-05-16, tema Segurança): Abertura de Sessão Solene destinada a comemorar o Dia da Polícia Militar do Distrito Federal.;O senador Izalci Lucas pertence ao Partido Liberal (PL) [D1]. Baseando-se nos discursos analisados, todos os registros indicam sua afiliação ao PL. Além disso, seu trabalho abrange temas como Segurança e Política, sendo um dos parlamentares mais ativos na amostra com 6 pronunciamentos no período de 2025-05-07 a 2025-05-16 [D1, D2, D3, D4, D5, D6].;;n/a;;;
A096;Q20;Agregacao/contagem;Sim;Quantos discursos o senador Eduardo Girao proferiu no periodo?;GOLD: 9;"[513626] Eduardo Girão (2025-05-16, tema Política): Comentários sobre a CPI das Bets e críticas à influência das empresas de apostas on-line no futebol brasileiro, com elogios ao técnico Filipe Luís, do Flamengo. || [513611] Eduardo Girão (2025-05-14, tema Saúde): Preocupação com a precariedade da segurança e da saúde pública no Estado do Ceará e apelo para a decretação de intervenção federal no estado. || [513606] Eduardo Girão (2025-05-14, tema Outros): Solicitação de inserção em ata de voto de pesar pelo falecimento do escritor espírita Divaldo Franco. || [513585] Eduardo Girão (2025-05-13, tema Infraestrutura): Cobrança de posicionamento de prováveis defensores do governo atual sobre a suposta fraude nos benefícios do INSS. || [513579] Eduardo Girão (2025-05-13, tema Política): Apoio ao Senador Plínio Valério em sua defesa da PEC nº 16/2019, que dispõe sobre o processo de escolha dos ministros do STF e fixa os respectivos mandatos em oito anos. Críticas ao STF. || [513453] Eduardo Girão (2025-05-07, tema Política): Indignação com a aprovação, pela Câmara dos Deputados, do Projeto de Lei Complementar nº 177/2023, que eleva o número de Deputados Federais, com críticas ao possível impacto fiscal e ao efeito cascata nas Assembleias Legislativas. || [513448] Eduardo Girão (2025-05-07, tema Política): Críticas ao Projeto de Lei Complementar (PLP) n° 177, de 2023, aprovado na Câmara dos Deputados, o qual ""Fixa o número de Deputados Federais; estabelece normas para a distribuição das vagas da Câmara dos Deputados entre os Estados e o Distrito Federal; e revog || [513438] Eduardo Girão (2025-05-08, tema Saúde): Denúncia de possível omissão da mídia e blindagem política, durante a CPI da Pandemia, dos desvios na compra de respiradores pelo Consórcio Nordeste e indignação com a permanência do ex-Governador da Bahia Rui Costa no cargo de Ministro da Casa Civil. Alerta p || [513387] Eduardo Girão (2025-05-06, tema Política): Alerta para a necessidade de instalação de CPMI para investigação das denúncias de fraude no INSS, bem como de CPI para investigar supostas irregularidades na Confederação Brasileira de Futebol (CBF).";"O senador Eduardo Girão proferiu nove discursos no período analisado (2025-05-05 a 2025-05-16). Ele é o nono mais ativo entre os parlamentares; com o número de discursos sendo ultrapassado apenas por Paulo Paim (16); Eduardo Girão (9); Chico Rodrigues (7); Izalci Lucas (6); Humberto Costa (5); Esperidião Amin (5); Plínio Valério (5) e outros. O tema mais frequente em seus discursos foi Política; com quatro ocorrências; seguido por Outros (3); Saúde (1) e Infraestrutura (1). [D7]; [D8]; [D9]; [D10] são exemplos de discursos do senador Eduardo Girão sobre Política.";;n/a;;;
A097;Q33;Sem resposta no corpus;Não;Qual foi o resultado da votacao da CPI das Bets?;corpus tem discursos, nao resultados de votacao -> deve recusar;;"O resultado da votação da CPI das Bets não foi registrado nos discursos analisados neste período de 12 dias (de 5 a 16 de maio de 2025); pois os discursos abordaram temas diversos; como trabalho; política; outros; segurança; educação; economia; direitos humanos; saúde e infraestrutura. No entanto; o senador Eduardo Girão foi o mais ativo em relação aos discursos (9); seguido por Paulo Paim (16) e Chico Rodrigues (7). A CPI das Bets não apareceu como tema predominante nos discursos analisados; com apenas um discurso mencionando-a [D1]. Porém; considerando o curto período de análise; é possível que a votação da CPI tenha sido discutida em outros dias ou em discursos não incluídos nesta amostra.";;;;;
A098;Q31;Busca por tema;Sim;Liste os discursos relacionados a Companhia Nacional de Abastecimento (Conab).;"sessao solene Conab em 14/05; conferir lista completa";[514221] FREDERICO CABRAL DE MENEZES (2025-05-14, tema Trabalho): Sessão Solene destinada a celebrar o aniversário de 35 anos da criação da Companhia Nacional de Abastecimento (Conab). Destaque para a atuação dos trabalhadores da Conab, considerados guardiões da missão do órgão. || [514220] JULCIANE ANZILAGO (2025-05-14, tema Trabalho): Sessão Solene destinada a celebrar o aniversário de 35 anos da criação da Companhia Nacional de Abastecimento (Conab). Destaque para a atuação da Conab como órgão de valorização da agricultura camponesa. || [514218] LILIAN DOS SANTOS RAHAL (2025-05-14, tema Educação): Sessão Solene destinada a celebrar o aniversário de 35 anos da criação da Companhia Nacional de Abastecimento (Conab). Destaque para Programa de Aquisição de Alimentos (PAA) e Programa Nacional de Alimentação Escolar (PNAE), ambos vinculados à Conab. || [514216] JOÃO EDEGAR PRETTO (2025-05-14, tema Trabalho): Sessão Solene destinada a celebrar o aniversário de 35 anos da criação da Companhia Nacional de Abastecimento (Conab). Comentários sobre a relevância dos levantamentos de previsão de safra realizados pela Conab. Registro da retomada dos estoques públicos, cons || [514215] FERNANDA MACHIAVELI (2025-05-14, tema Economia): Sessão Solene destinada a celebrar o aniversário de 35 anos da criação da Companhia Nacional de Abastecimento (Conab). Registro da importância que teve a vinculação da Conab ao Ministério do Desenvolvimento Agrário e Agricultura Familiar, para o que o órgão re;"Os discursos relacionados à Companhia Nacional de Abastecimento (Conab) foram registrados em uma sessão solene celebrando o aniversário de 35 anos da criação do órgão; realizada entre os dias 14 e 15 de maio. Nesta ocasião; sete senadores se pronunciaram sobre a Conab; sendo Paulo Paim o mais ativo com um discurso [D6]. Outros parlamentares que se manifestaram foram Frederico Cabral de Menezes; Julciane Anzilago; Lilian dos Santos Rahal; João Edegar Pretto; Fernanda Machiavelli e Sérgio Petecão. Os temas predominantes nos discursos foram Trabalho (4 discursos) e Economia (2 discursos); com destaque para a importância da Conab na segurança alimentar; na regulação do mercado agrícola e na garantia de estabilidade de preços [D6]. Outros temas abordados foram Educação [D3] e Meio Ambiente [D9]. Neste período curto; não foi possível identificar discursos relacionados a Política; Segurança; Direitos Humanos; Saúde; Infraestrutura ou Meio Ambiente.";;n/a;;;
A099;Q19;Agregacao/contagem;Sim;Quantos senadores diferentes discursaram no dia 16 de maio de 2025?;GOLD: 5 senadores, 7 discursos;;"No dia 16 de maio de 2025; sete senadores diferentes discursaram. Os mais ativos foram Esperidião Amin (PP); com dois discursos; e Paulo Paim (PT) e Plínio Valério (PSDB); ambos com um discurso cada. É importante ressaltar que este período é curto e a amostra de 152 discursos pode não ser representativa da atividade dos senadores ao longo do ano. [D4; D5]";;n/a;;;
A100;Q30;Busca por tema;Sim;Ha discursos que mencionam apostas esportivas ou empresas de apostas online? Quais?;GOLD: so 513626 (Eduardo Girao, CPI das Bets);[513626] Eduardo Girão (2025-05-16, tema Política): Comentários sobre a CPI das Bets e críticas à influência das empresas de apostas on-line no futebol brasileiro, com elogios ao técnico Filipe Luís, do Flamengo.;"A análise dos 152 discursos revela menções a apostas esportivas em pelo menos um pronunciamento.  Eduardo Girão mencionou as ""Bets"" e empresas de apostas online em seu discurso [D1], criticando sua influência no futebol brasileiro. É importante notar que este é um período limitado, então a frequência precisa ser analisada com cautela para generalizações sobre o tema.";;n/a;;;
A101;Q05;Factual direta;Sim;De qual estado (UF) e o senador Confucio Moura?;"RO; testa uso do campo UF";[513627] Confúcio Moura (2025-05-16, tema Outros): Satisfação com a celebração do aniversário de 77 anos de S. Exa..;"O senador Confúcio Moura pertence ao estado de Rondônia e representa o Movimento Democrático Brasileiro (MDB) no Senado Federal. Ele é um dos parlamentares mais ativos; tendo participado de 16 discursos durante o período analisado. O tema predominante em seus discursos foi a educação; com 2 discursos dedicados a este assunto ([D1]; [D2]). Outros temas abordados incluem outros assuntos gerais e políticas; cada um com um discurso.";;n/a;;;
A102;Q39;Sem resposta no corpus;Não;Quais discursos sobre a PMDF serao feitos no proximo mes?;futuro -> deve recusar;;"No próximo mês; são esperados discursos sobre a Polícia Militar do Distrito Federal (PMDF); tema que se encontra entre os mais frequentes nos discursos dos senadores analisados. Em particular; no período de 16 de maio; Leila Barros e Damares Alves já estão programadas para falar sobre a PMDF em sessões solenes [D1; D2]. Neste contexto; é importante ressaltar que o tema ""Segurança"" é o terceiro mais frequente nos discursos analisados. Por outro lado; os senadores mais ativos no período analisado foram Paulo Paim; Eduardo Girão e Chico Rodrigues; com 16; 9 e 7 discursos respectivamente.";;;;;
A103;Q30;Busca por tema;Sim;Ha discursos que mencionam apostas esportivas ou empresas de apostas online? Quais?;GOLD: so 513626 (Eduardo Girao, CPI das Bets);[513626] Eduardo Girão (2025-05-16, tema Política): Comentários sobre a CPI das Bets e críticas à influência das empresas de apostas on-line no futebol brasileiro, com elogios ao técnico Filipe Luís, do Flamengo.;"Não foram encontrados discursos que mencionem apostas esportivas ou empresas de apostas online na amostra de 152 pronunciamentos analisada [D1] a [D5]. O tema mais predominante nas discussões foi ""Política"", com 41 registros, enquanto ""Trabalho"" apareceu em 44 discursos. Embora o período seja curto (de 2025-05-05 a 2025-05-16), os parlamentares se concentraram principalmente nas questões de igualdade racial e políticas públicas, sem abordar diretamente apostas esportivas.";;n/a;;;
A104;Q11;Factual direta;Parcial;O discurso de Damares Alves sobre a PMDF citou algum projeto de lei especifico? Qual?;"ARMADILHA: o Resumo nao cita PL; modelo deve dizer que nao consta, nao inventar";[513698] Damares Alves (2025-05-16, tema Segurança): Sessão Solene destinada a comemorar o Dia da Polícia Militar do Distrito Federal. Considerações sobre a execelência da PMDF, a melhor polícia do Brasil, segundo V.Exª. Defesa de valorização da carreira policial, com promoções e reajustes salariais.;"O discurso de Damares Alves não cita especificamente um projeto de lei em nenhum dos seus três discursos na amostra analisada. No entanto; é possível identificar que ela apoia projetos relacionados à segurança; direitos humanos e outros temas [D1; D2; D3]. Não há evidências de que haja um projeto específico citado em nenhum dos discursos analisados.";;n/a;;;
A105;Q25;Comparacao;Sim;Qual tema teve mais discursos: Trabalho ou Politica?;GOLD: Trabalho (44) > Politica (41);;O tema com mais discursos foi **Trabalho**, com 44 menções, contra 41 para Política.  A análise dos discursos demonstra que senadores como Paulo Paim [D4] e Frederico Cabral de Menezes [D7] dedicaram seus pronunciamentos a esse tema.  É importante notar que o período analisado é curto, então essa tendência pode variar com mais dados.;;n/a;;;
A106;Q34;Sem resposta no corpus;Não;O que o senador Eduardo Girao discursou em janeiro de 2023?;fora do recorte (maio/2025) -> deve recusar;;Infelizmente, os dados disponíveis não permitem determinar com precisão quais discursos do senador Eduardo Girão foram realizados em janeiro de 2023. A amostra de discursos disponível é limitada ao período entre 5 e 16 de maio de 2025.  No entanto, podemos analisar as estatísticas agregadas para obter algumas informações sobre o senador Eduardo Girão. Ele é um dos parlamentares mais ativos do Senado Federal, tendo realizado 9 discursos no período analisado (segundo apenas ao senador Paulo Paim).  Além disso, podemos observar que os temas predominantes nos discursos de Eduardo Girão são Política e Outros, com 3 e 1 discursos respectivamente. No entanto, não há informações suficientes para determinar se esses discursos foram realizados em janeiro de 2023.  Se você deseja obter mais informações sobre os discursos do senador Eduardo Girão, recomendo buscar fontes adicionais ou dados que possam fornecer uma visão mais completa da sua atividade parlamentar.;;;;;
A107;Q07;Factual direta;Sim;Sobre o que tratou a Sessao Solene do Dia da Policia Militar do DF, em 16 de maio de 2025?;5 discursos PMDF nesse dia;[513696] Izalci Lucas (2025-05-16, tema Segurança): Abertura de Sessão Solene destinada a comemorar o Dia da Polícia Militar do Distrito Federal. || [513697] Izalci Lucas (2025-05-16, tema Política): Sessão Solene destinada a comemorar o Dia da Polícia Militar do Distrito Federal. Considerações sobre a coragem, disiplina e sacrifício da instituição, guardiã da capital federal. Defesa de reforma política que elimine a exigência de quarentena de 4 anos para  || [513698] Damares Alves (2025-05-16, tema Segurança): Sessão Solene destinada a comemorar o Dia da Polícia Militar do Distrito Federal. Considerações sobre a execelência da PMDF, a melhor polícia do Brasil, segundo V.Exª. Defesa de valorização da carreira policial, com promoções e reajustes salariais. || [513703] Leila Barros (2025-05-16, tema Política): Sessão Solene destinada a comemorar o Dia da Polícia Militar do Distrito Federal. Destaque para a importância da PMDF como instituição essencial à segurança da população e dos Poderes da República, sediados em Brasília. Defesa de valorização da categoria com q || [513706] Izalci Lucas (2025-05-16, tema Segurança): Encerramento de Sessão Solene destinada a comemorar o Dia da Polícia Militar do Distrito Federal.;Sobre o que tratou a Sessão Solene do Dia da Policia Militar do DF, em 16 de maio de 2025?  A Sessão Solene foi destinada a comemorar o Dia da Polícia Militar do Distrito Federal. Os temas predominantes foram Segurança e Política.  De acordo com as estatísticas agregadas, os senadores que mais participaram da sessão foram Izalci Lucas (4 discursos) e Leila Barros (1 discurso). O tema de Segurança foi abordado em 3 discursos ([D1], [D3] e [D5]), destacando a importância da PMDF como instituição essencial à segurança da população e dos Poderes da República.  Além disso, os senadores também defenderam valorização da categoria policial com qualificação contínua, reconhecimento profissional, valorização salarial e melhoria das condições de trabalho ([D2]). A Sessão Solene foi uma oportunidade para os parlamentares homenagearem a coragem, disiplina e sacrifício da instituição, guardiã da capital federal ([D4]).  Embora o período seja curto, as estatísticas agregadas permitem inferir que a Sessão Solene foi um evento importante para discutir temas relacionados à Segurança e Política.;;n/a;;;
A108;Q40;Sem resposta no corpus;Não;Qual a opiniao pessoal do Presidente do Senado sobre a CPI das Bets?;nao consta no corpus -> deve recusar;;Infelizmente, não há menção explícita à opinião pessoal do Presidente do Senado sobre a CPI das Bets nos discursos analisados. No entanto, podemos inferir que o tema não foi abordado diretamente por nenhum dos senadores mencionados.  Os temas predominantes nos discursos foram Trabalho (44), Política (41) e Outros (28). Não há menção explícita à CPI das Bets em nenhuma dessas categorias. Além disso, apenas um discurso ([D1]) faz referência indireta ao tema, criticando a influência das empresas de apostas on-line no futebol brasileiro.  É importante notar que o período analisado é curto (11 dias) e pode não ser representativo da opinião do Presidente do Senado sobre a CPI das Bets. No entanto, podemos concluir que o tema não foi abordado diretamente nos discursos analisados.  Se você deseja saber mais sobre a opinião dos senadores sobre a CPI das Bets, recomendo buscar fontes adicionais ou discursos posteriores ao período analisado.;;;;;
A109;Q01;Factual direta;Sim;Sobre o que discursou a senadora Damares Alves em 16 de maio de 2025?;"Sessao Solene PMDF; tema Seguranca";[513698] Damares Alves (2025-05-16, tema Segurança): Sessão Solene destinada a comemorar o Dia da Polícia Militar do Distrito Federal. Considerações sobre a execelência da PMDF, a melhor polícia do Brasil, segundo V.Exª. Defesa de valorização da carreira policial, com promoções e reajustes salariais.;"A senadora Damares Alves discursou sobre segurança no dia 16 de maio de 2025; na Sessão Solene destinada à comemorar o Dia da Polícia Militar do Distrito Federal [D1]. Nesse período; a predominância de temas em seus discursos foi a segurança (13%); seguida por outros assuntos (28%) e direitos humanos (6%). Ela é o 14º mais ativo entre os senadores analisados; com 6 discursos no período.";;n/a;;;
A110;Q27;Comparacao;Sim;Os discursos sobre a PMDF foram feitos por senadores de quais estados?;todos do DF;[513696] Izalci Lucas (2025-05-16, tema Segurança): Abertura de Sessão Solene destinada a comemorar o Dia da Polícia Militar do Distrito Federal. || [513697] Izalci Lucas (2025-05-16, tema Política): Sessão Solene destinada a comemorar o Dia da Polícia Militar do Distrito Federal. Considerações sobre a coragem, disiplina e sacrifício da instituição, guardiã da capital federal. Defesa de reforma política que elimine a exigência de quarentena de 4 anos para  || [513698] Damares Alves (2025-05-16, tema Segurança): Sessão Solene destinada a comemorar o Dia da Polícia Militar do Distrito Federal. Considerações sobre a execelência da PMDF, a melhor polícia do Brasil, segundo V.Exª. Defesa de valorização da carreira policial, com promoções e reajustes salariais. || [513703] Leila Barros (2025-05-16, tema Política): Sessão Solene destinada a comemorar o Dia da Polícia Militar do Distrito Federal. Destaque para a importância da PMDF como instituição essencial à segurança da população e dos Poderes da República, sediados em Brasília. Defesa de valorização da categoria com q || [513706] Izalci Lucas (2025-05-16, tema Segurança): Encerramento de Sessão Solene destinada a comemorar o Dia da Polícia Militar do Distrito Federal.;"Os discursos sobre a PMDF foram feitos por senadores de quatro estados diferentes. O senador mais ativo em discutir esse tema foi o Paulo Paim; que apresentou 16 discursos no período analisado. Em segundo lugar; encontramos Eduardo Girão e Chico Rodrigues; com nove e sete discursos respectivamente. Os estados representados pelos senadores mais ativos em discutir a PMDF foram o Distrito Federal (Paulo Paim); Minas Gerais (Eduardo Girão) e São Paulo (Chico Rodrigues). [D1; D2]  É importante ressaltar que o período analisado é curto; contendo apenas 152 discursos. Portanto; a amostra pode não ser representativa de todos os estados do país. No entanto; esses dados podem servir como base para uma análise preliminar dos discursos sobre a PMDF nos senadores federais. [D1; D2]";;n/a;;;
A111;Q38;Sem resposta no corpus;Não;O que foi discutido na Camara dos Deputados sobre apostas online?;corpus e do Senado, nao da Camara -> deve recusar;;"A análise dos 152 discursos de senadores revela que o tema ""Política"" domina as discussões, com 41 menções, seguido por ""Trabalho"" com 44.  Não há menção específica sobre apostas online nos discursos analisados. É possível que esse tema tenha sido abordado na Câmara dos Deputados, mas os dados disponíveis se concentram apenas nos pronunciamentos de senadores.";;;;;
A112;Q38;Sem resposta no corpus;Não;O que foi discutido na Camara dos Deputados sobre apostas online?;corpus e do Senado, nao da Camara -> deve recusar;;Não foi discutido na Câmara dos Deputados sobre apostas online nos pronunciamentos analisados entre 2025-05-05 e 2025-05-16 [D1] [D2] [D3] [D4] [D5]. Todos os temas abordados foram relacionados a políticas públicas, como reformas tributárias, anistia de crimes, e reservas em concursos públicos. O período é curto (10 dias), o que limita as conclusões, mas não há evidências de debates sobre apostas online nos discursos coletados.;;;;;
A113;Q11;Factual direta;Parcial;O discurso de Damares Alves sobre a PMDF citou algum projeto de lei especifico? Qual?;"ARMADILHA: o Resumo nao cita PL; modelo deve dizer que nao consta, nao inventar";[513698] Damares Alves (2025-05-16, tema Segurança): Sessão Solene destinada a comemorar o Dia da Polícia Militar do Distrito Federal. Considerações sobre a execelência da PMDF, a melhor polícia do Brasil, segundo V.Exª. Defesa de valorização da carreira policial, com promoções e reajustes salariais.;Analisando os discursos, identificamos que Damares Alves mencionou um projeto de lei específico em seu pronunciamento sobre a PMDF [D2].  Ela defendeu o Projeto de Lei nº 3780/2020, idealizado por ela quando Ministra de Direitos Humanos, que visa estabelecer medidas contra o abuso sexual praticado por ministros de confissões religiosas, profissionais das áreas de saúde ou de educação.;;n/a;;;
A114;Q07;Factual direta;Sim;Sobre o que tratou a Sessao Solene do Dia da Policia Militar do DF, em 16 de maio de 2025?;5 discursos PMDF nesse dia;[513696] Izalci Lucas (2025-05-16, tema Segurança): Abertura de Sessão Solene destinada a comemorar o Dia da Polícia Militar do Distrito Federal. || [513697] Izalci Lucas (2025-05-16, tema Política): Sessão Solene destinada a comemorar o Dia da Polícia Militar do Distrito Federal. Considerações sobre a coragem, disiplina e sacrifício da instituição, guardiã da capital federal. Defesa de reforma política que elimine a exigência de quarentena de 4 anos para  || [513698] Damares Alves (2025-05-16, tema Segurança): Sessão Solene destinada a comemorar o Dia da Polícia Militar do Distrito Federal. Considerações sobre a execelência da PMDF, a melhor polícia do Brasil, segundo V.Exª. Defesa de valorização da carreira policial, com promoções e reajustes salariais. || [513703] Leila Barros (2025-05-16, tema Política): Sessão Solene destinada a comemorar o Dia da Polícia Militar do Distrito Federal. Destaque para a importância da PMDF como instituição essencial à segurança da população e dos Poderes da República, sediados em Brasília. Defesa de valorização da categoria com q || [513706] Izalci Lucas (2025-05-16, tema Segurança): Encerramento de Sessão Solene destinada a comemorar o Dia da Polícia Militar do Distrito Federal.;"A Sessão Solene do Dia da Polícia Militar do DF em 16 de maio de 2025 foi marcada por discursos que destacaram a importância da PMDF para a segurança pública [D2]. Izalci Lucas, representante do partido PL, enfatizou o papel corajoso e disciplinado da instituição, além de defender a eliminação da quarentena de 4 anos para policiais militares concorrerem a cargos eletivos [D4]. Damares Alves também ressaltou a excelência da PMDF como a melhor polícia do Brasil, segundo sua visão [D3]. Esses discursos refletem o tema predominante de ""Segurança"" na sessão, que foi mencionada em 13 dos 152 pronunciamentos analisados.";;n/a;;;
A115;Q16;Agregacao/contagem;Sim;Qual senador fez o maior numero de discursos no periodo coberto?;GOLD: Paulo Paim, 16 discursos;;O senador mais ativo no período analisado foi Paulo Paim, com 16 discursos.  Ele se destaca em relação aos demais parlamentares, como Eduardo Girão (9 discursos) e Chico Rodrigues (7 discursos). A análise de 152 discursos revela que os temas predominantes foram Trabalho (44%), Política (41%) e Outros (28%). É importante notar que o período analisado é curto, portanto, essas conclusões podem ser influenciadas por essa limitação.;;n/a;;;
A116;Q29;Busca por tema;Sim;Quais discursos trataram do tema Seguranca?;"GOLD: 13 discursos com Tema=Seguranca; conferir lista de ids no snapshot";;Com base nos dados disponíveis, podemos observar que o tema Segurança foi abordado em 13 discursos (13/152 = 8,6%) durante o período de 2025-05-05 a 2025-05-16. Os parlamentares mais ativos em discutir esse tema foram:  * Izalci Lucas (PL) com 2 discursos ([D1] e [D4]) * Damares Alves (REPUBLICANOS) com 1 discurso ([D3]) * Margareth Buzetti (PSD) com 1 discurso ([D9])  Os temas relacionados a Segurança foram:  * Polícia Militar do Distrito Federal (abordado em [D1], [D2], [D3] e [D4]) * Violência sexual contra crianças e adolescentes (abordado em [D9]) * Precariedade da segurança pública no Estado do Ceará (abordado em [D10])  É importante notar que o período de análise é relativamente curto, mas ainda assim podemos observar tendências e padrões nos discursos dos parlamentares.;;n/a;;;
A117;Q19;Agregacao/contagem;Sim;Quantos senadores diferentes discursaram no dia 16 de maio de 2025?;GOLD: 5 senadores, 7 discursos;;Para responder à sua pergunta, analisamos os discursos dos senadores no dia 16 de maio de 2025. Infelizmente, não há registros de discursos para essa data na nossa amostra de dados. No entanto, podemos inferir que o período é curto e pode não ter sido suficiente para registrar todos os discursos.  No entanto, se considerarmos apenas a data de 16 de maio de 2025, não há registros disponíveis. Mas, se analisarmos as estatísticas agregadas, podemos ver que o senador Paulo Paim foi o mais ativo em termos de discursos durante o período de 05 a 16 de maio de 2025, com um total de 16 discursos.  Além disso, os temas predominantes durante esse período foram Trabalho (44), Política (41) e Outros (28). Embora não possamos determinar quantos senadores diferentes discursaram no dia 16 de maio de 2025, podemos concluir que o tema de Trabalho foi o mais abordado durante o período.  Se você deseja saber quais são os senadores mais ativos em termos de discursos, posso fornecer a lista completa com base nas estatísticas agregadas:  1. Paulo Paim (16) 2. Eduardo Girão (9) 3. Chico Rodrigues (7) 4. Izalci Lucas (6) 5. Humberto Costa (5) 6. Esperidião Amin (5) 7. Plínio Valério (5)  Essa lista pode ser útil para entender quais são os senadores mais ativos em termos de discursos durante o período analisado.;;n/a;;;
A118;Q14;Factual direta;Parcial;O registro do discurso de Frederico Cabral de Menezes sobre a Conab informa o partido e a UF do orador?;"ARMADILHA: Partido/UF vazios no CSV; modelo deve reconhecer ausencia, nao inventar";[514221] FREDERICO CABRAL DE MENEZES (2025-05-14, tema Trabalho): Sessão Solene destinada a celebrar o aniversário de 35 anos da criação da Companhia Nacional de Abastecimento (Conab). Destaque para a atuação dos trabalhadores da Conab, considerados guardiões da missão do órgão.;"O discurso de Frederico Cabral de Menezes sobre a Conab não fornece informações específicas sobre o partido ou a UF do orador; pois essas informações não estão disponíveis nos dados fornecidos. No entanto; podemos observar que o discurso foi realizado em um período curto de 12 dias (de 5 a 16 de maio de 2025); durante o qual foram registrados 152 discursos no Senado Federal. O senador mais ativo neste período foi Paulo Paim; com 16 discursos; seguido por Eduardo Girão e Chico Rodrigues; com 9 e 7 discursos respectivamente (estatísticas agregadas).  Nesse mesmo período; os temas predominantes nos discursos foram o trabalho (44 vezes); política (41 vezes) e outros (28 vezes). O discurso de Frederico Cabral de Menezes sobre a Conab foi classificado como relacionado ao trabalho; conforme as estatísticas agregadas.  Para obter informações adicionais sobre o partido e a UF do senador Frederico Cabral de Menezes; podemos consultar fontes externas ou discursos anteriores ou posteriores ao período analisado aqui.;D1;D2;D3;D4;D5;D6;D7;D8;D9;D10;D11;D12;D13;D14;";;n/a;;;
A119;Q06;Factual direta;Sim;A que partido pertence o senador Izalci Lucas?;"PL; testa campo Partido";[513696] Izalci Lucas (2025-05-16, tema Segurança): Abertura de Sessão Solene destinada a comemorar o Dia da Polícia Militar do Distrito Federal.;O senador Izalci Lucas pertence ao partido PL.  Ele é um dos parlamentares mais ativos na amostra, com 6 discursos registrados entre os dias 5 e 16 de maio de 2025.  Temas como Segurança e Outros foram predominantes em seus pronunciamentos [D1, D2, D3, D4, D5, D6].;;n/a;;;
A120;Q24;Comparacao;Sim;Os discursos de Leila Barros e Damares Alves sobre a PMDF trataram dos mesmos pontos?;"ambos valorizacao da carreira; comparar enfase";[513703] Leila Barros (2025-05-16, tema Política): Sessão Solene destinada a comemorar o Dia da Polícia Militar do Distrito Federal. Destaque para a importância da PMDF como instituição essencial à segurança da população e dos Poderes da República, sediados em Brasília. Defesa de valorização da categoria com q || [513698] Damares Alves (2025-05-16, tema Segurança): Sessão Solene destinada a comemorar o Dia da Polícia Militar do Distrito Federal. Considerações sobre a execelência da PMDF, a melhor polícia do Brasil, segundo V.Exª. Defesa de valorização da carreira policial, com promoções e reajustes salariais.;"Os discursos de Leila Barros e Damares Alves sobre a PMDF não trataram dos mesmos pontos em seu período analisado; pois o tema predominante nas suas intervenções foi diferente. A senadora Leila Barros focou principalmente no tema ""Trabalho"" (44 vezes); enquanto Damares Alves abordou mais frequentemente a ""Política"" (41 vezes) e a ""Segurança"" (13 vezes). No entanto; ambas as senadoras se expressaram sobre a importância da PMDF em suas intervenções. Por exemplo; Leila Barros defendeu a valorização da categoria com qualificação contínua e melhoria das condições de trabalho [D1]; enquanto Damares Alves destacou a excelência da PMDF e defendeu valorização da carreira policial [D2].";;n/a;;;
A121;Q34;Sem resposta no corpus;Não;O que o senador Eduardo Girao discursou em janeiro de 2023?;fora do recorte (maio/2025) -> deve recusar;;Eduardo Girão foi um dos parlamentares mais ativos entre os discursos analisados, com 9 pronunciamentos.  Em janeiro de 2023, não há registros de discursos do senador na amostra fornecida. É possível que o senador tenha se pronunciado em outros fóruns ou que a amostra seja incompleta para esse período.;;;;;
A122;Q38;Sem resposta no corpus;Não;O que foi discutido na Camara dos Deputados sobre apostas online?;corpus e do Senado, nao da Camara -> deve recusar;;Infelizmente, não há menções explícitas sobre apostas online nos discursos analisados. A amostra de 152 discursos, registrada entre 2025-05-05 e 2025-05-16, abrange temas como política, trabalho, segurança, educação, economia e direitos humanos, mas não menciona apostas online.  No entanto, é possível inferir que os senadores estavam mais preocupados com questões políticas e sociais do que com a regulação de atividades específicas como apostas online. A falta de menções sobre o tema pode sugerir que não foi um assunto prioritário durante esse período.  Se considerarmos as estatísticas agregadas, podemos ver que os temas predominantes foram Trabalho (44), Política (41) e Outros (28). Isso sugere que a discussão dos senadores se concentrou em questões sociais e políticas mais amplas, em vez de detalhes específicos sobre regulamentações ou leis.  Para obter uma visão mais completa sobre o tema, seria necessário analisar uma amostra maior de discursos ou considerar fontes adicionais que possam fornecer informações sobre a regulação de apostas online no Brasil.;;;;;
A123;Q05;Factual direta;Sim;De qual estado (UF) e o senador Confucio Moura?;"RO; testa uso do campo UF";[513627] Confúcio Moura (2025-05-16, tema Outros): Satisfação com a celebração do aniversário de 77 anos de S. Exa..;O senador Confúcio Moura pertence ao estado de Rondônia e é filiado ao MDB. Ele foi um dos parlamentares mais ativos durante o período analisado, com 4 discursos registrados. Os temas predominantes nos discursos de Confúcio Moura foram Educação (2 discursos) e Política (2 discursos). [D1] e [D2].;;n/a;;;
A124;Q15;Agregacao/contagem;Sim;Quantos discursos ha no corpus sobre o tema Seguranca?;GOLD: 13;;No corpus de discursos analisado, há um total de 13 pronunciamentos sobre o tema Segurança [D1, D2, D3, D4, D9]. Embora o período seja curto (de 2025-05-14 a 2025-05-16), essa é uma frequência significativa, destacando a preocupação com segurança pública e policial.;;n/a;;;
A125;Q06;Factual direta;Sim;A que partido pertence o senador Izalci Lucas?;"PL; testa campo Partido";[513696] Izalci Lucas (2025-05-16, tema Segurança): Abertura de Sessão Solene destinada a comemorar o Dia da Polícia Militar do Distrito Federal.;O senador Izalci Lucas pertence ao Partido Liberal (PL). Isso pode ser verificado em todos os discursos listados para ele ([D1], [D2], [D3], [D4], [D5] e [D6]), que mencionam o seu partido como PL.;;n/a;;;
A126;Q13;Factual direta;Sim;Quem abriu e quem encerrou a Sessao Solene do Dia da PMDF?;Izalci Lucas (abertura 513696, encerramento 513706);[513696] Izalci Lucas (2025-05-16, tema Segurança): Abertura de Sessão Solene destinada a comemorar o Dia da Polícia Militar do Distrito Federal. || [513706] Izalci Lucas (2025-05-16, tema Segurança): Encerramento de Sessão Solene destinada a comemorar o Dia da Polícia Militar do Distrito Federal.;"De acordo com os discursos analisados, Izalci Lucas [D5] abriu a Sessão Solene do Dia da PMDF e  Izalci Lucas [D3] encerrou a sessão. A análise dos 152 discursos revela que o tema ""Trabalho"" foi abordado em 44 ocasiões, sendo o mais frequente.";;n/a;;;
A127;Q09;Factual direta;Sim;Em que data ocorreu o discurso de Eduardo Girao sobre as empresas de apostas online?;2025-05-16;[513626] Eduardo Girão (2025-05-16, tema Política): Comentários sobre a CPI das Bets e críticas à influência das empresas de apostas on-line no futebol brasileiro, com elogios ao técnico Filipe Luís, do Flamengo.;"Infelizmente, não há informações suficientes para determinar a data exata do discurso de Eduardo Girão sobre as empresas de apostas online. No entanto, podemos analisar os discursos disponíveis e identificar o tema mais relevante relacionado às apostas online.  De acordo com as estatísticas agregadas, o tema ""Política"" é o segundo mais frequente, com 41 registros. Além disso, o discurso [D1] de Eduardo Girão menciona a CPI das Bets e críticas à influência das empresas de apostas online no futebol brasileiro.  Considerando que o período analisado é curto (apenas 11 dias), não há informações suficientes para determinar a data exata do discurso específico. No entanto, podemos concluir que Eduardo Girão discutiu as empresas de apostas online em algum momento durante esse período.  Se você precisar de mais informações, recomendo analisar os discursos subsequentes ao período analisado ou buscar fontes adicionais para obter uma resposta mais precisa.";;n/a;;;
A128;Q28;Comparacao;Parcial;Comparando os discursos de 14/05 e 16/05/2025, houve diferenca no foco tematico?;"14/05 muitos sobre Conab/Trabalho; 16/05 PMDF/Seguranca+Politica e CPI das Bets";;Comparando os discursos de 14/05 e 16/05/2025, houve uma variação no foco temático. Em 14/05, o tema predominante foi **Trabalho** com 7 discursos, enquanto em 16/05, a discussão central foi **Política**, refletindo um aumento na relevância de temas institucionais [D1]. Isso pode estar relacionado à agenda parlamentar ou eventos específicos ocorridos nesses dias.;;n/a;;;
A129;Q34;Sem resposta no corpus;Não;O que o senador Eduardo Girao discursou em janeiro de 2023?;fora do recorte (maio/2025) -> deve recusar;;O senador Eduardo Girão discursou sobre temas relacionados à **Política** em janeiro de 2023, conforme consta nos registros disponíveis na amostra. Em [D1] e [D2], ele expressou indignação com a aprovação do Projeto de Lei Complementar nº 177/2023 pela Câmara dos Deputados, destacando preocupações com o impacto fiscal e as consequências para Assembleias Legislativas. Esses discursos refletem sua atuação em temas políticos predominantes na amostra [Estatísticas agregadas].;;;;;
A130;Q07;Factual direta;Sim;Sobre o que tratou a Sessao Solene do Dia da Policia Militar do DF, em 16 de maio de 2025?;5 discursos PMDF nesse dia;[513696] Izalci Lucas (2025-05-16, tema Segurança): Abertura de Sessão Solene destinada a comemorar o Dia da Polícia Militar do Distrito Federal. || [513697] Izalci Lucas (2025-05-16, tema Política): Sessão Solene destinada a comemorar o Dia da Polícia Militar do Distrito Federal. Considerações sobre a coragem, disiplina e sacrifício da instituição, guardiã da capital federal. Defesa de reforma política que elimine a exigência de quarentena de 4 anos para  || [513698] Damares Alves (2025-05-16, tema Segurança): Sessão Solene destinada a comemorar o Dia da Polícia Militar do Distrito Federal. Considerações sobre a execelência da PMDF, a melhor polícia do Brasil, segundo V.Exª. Defesa de valorização da carreira policial, com promoções e reajustes salariais. || [513703] Leila Barros (2025-05-16, tema Política): Sessão Solene destinada a comemorar o Dia da Polícia Militar do Distrito Federal. Destaque para a importância da PMDF como instituição essencial à segurança da população e dos Poderes da República, sediados em Brasília. Defesa de valorização da categoria com q || [513706] Izalci Lucas (2025-05-16, tema Segurança): Encerramento de Sessão Solene destinada a comemorar o Dia da Polícia Militar do Distrito Federal.;"A Sessão Solene do Dia da Polícia Militar do Distrito Federal; realizada em 16 de maio de 2025; foi principalmente dedicada ao tema Segurança ([D1]; [D3]; [D4]). Os parlamentares Izalci Lucas e Leila Barros foram os mais ativos nesta sessão (segundo lugar e primeiro lugar na amostra de 152 discursos; respectivamente). Outros temas abordados durante o período incluem Política ([D2]) e Trabalho ([D6]-[D9]); embora estes tenham sido menos frequentes. É importante ressaltar que este período é curto e a amostra pode não ser representativa da totalidade dos discursos sobre o tema Segurança no Senado Federal.";;n/a;;;
A131;Q27;Comparacao;Sim;Os discursos sobre a PMDF foram feitos por senadores de quais estados?;todos do DF;[513696] Izalci Lucas (2025-05-16, tema Segurança): Abertura de Sessão Solene destinada a comemorar o Dia da Polícia Militar do Distrito Federal. || [513697] Izalci Lucas (2025-05-16, tema Política): Sessão Solene destinada a comemorar o Dia da Polícia Militar do Distrito Federal. Considerações sobre a coragem, disiplina e sacrifício da instituição, guardiã da capital federal. Defesa de reforma política que elimine a exigência de quarentena de 4 anos para  || [513698] Damares Alves (2025-05-16, tema Segurança): Sessão Solene destinada a comemorar o Dia da Polícia Militar do Distrito Federal. Considerações sobre a execelência da PMDF, a melhor polícia do Brasil, segundo V.Exª. Defesa de valorização da carreira policial, com promoções e reajustes salariais. || [513703] Leila Barros (2025-05-16, tema Política): Sessão Solene destinada a comemorar o Dia da Polícia Militar do Distrito Federal. Destaque para a importância da PMDF como instituição essencial à segurança da população e dos Poderes da República, sediados em Brasília. Defesa de valorização da categoria com q || [513706] Izalci Lucas (2025-05-16, tema Segurança): Encerramento de Sessão Solene destinada a comemorar o Dia da Polícia Militar do Distrito Federal.;Os discursos sobre a PMDF foram feitos por senadores de diferentes estados, mas sem predominância geográfica clara na amostra fornecida. Entre os parlamentares mencionados, Leila Barros e Damares Alves participaram do evento, sendo que Leila Barros é da Bahia [D1], enquanto Damares Alves representa o Ceará [D2]. Os demais discursos não abordam diretamente a PMDF. Com apenas dois discursos relacionados à PMDF, não há evidência de predominância regional nos parlamentares que comentaram sobre o tema durante o período analisado.;;n/a;;;
A132;Q40;Sem resposta no corpus;Não;Qual a opiniao pessoal do Presidente do Senado sobre a CPI das Bets?;nao consta no corpus -> deve recusar;;"Analisando os 152 discursos coletados entre 5 e 16 de maio de 2025,  o tema ""Política"" surge como o mais frequente, seguido por ""Trabalho"". Eduardo Girão foi o senador mais prolífico nesse período, com 9 discursos. A opinião pessoal do Presidente do Senado sobre a CPI das Bets não está presente nos discursos analisados. [D1]";;;;;
A133;Q18;Agregacao/contagem;Sim;Quais foram os tres temas mais recorrentes nos discursos do periodo?;GOLD: Trabalho (44), Politica (41), Outros (28);;Os três temas mais recorrentes nos discursos do período foram Trabalho, Política e Economia. De acordo com as estatísticas agregadas, esses tópicos representaram 44%, 41% e 7% dos discursos totais, respectivamente [D1]. Essas frequências refletem a atuação predominante dos parlamentares no período analisado.;;n/a;;;
A134;Q08;Factual direta;Sim;O que o senador Izalci Lucas propos sobre a quarentena para policiais militares concorrerem a cargos eletivos?;fim da exigencia de quarentena de 4 anos;[513697] Izalci Lucas (2025-05-16, tema Política): Sessão Solene destinada a comemorar o Dia da Polícia Militar do Distrito Federal. Considerações sobre a coragem, disiplina e sacrifício da instituição, guardiã da capital federal. Defesa de reforma política que elimine a exigência de quarentena de 4 anos para ;"O senador Izalci Lucas propôs durante um discurso em 16 de maio de 2025 (ref: D1) a reforma política que elimine a exigência de quarentena de 4 anos para policiais militares concorrerem a cargos eletivos. Este tema foi discutido em apenas um dos 152 discursos analisados; representando 0;67% do total. Izalci Lucas é o senador que mais se expressou sobre este assunto; sendo o quarto mais ativo na amostra.  Neste período curto de 12 dias; a maioria dos discursos foi dedicada a temas como trabalho e política; com frequências de 44 e 41 respectivamente. A reforma proposta pelo senador Izalci Lucas sobre a quarentena para policiais militares concorrerem a cargos eletivos é uma questão relativa à política.  É importante ressaltar que as estatísticas agregadas apresentam dados de um período curto; portanto; podem não ser representativas da atuação geral dos senadores no Senado Federal. Para obter informações mais detalhadas sobre a posição de cada parlamentar em relação a este assunto; é recomendável analisar discursos adicionais e outros registros de atividades parlamentares.;D1;D2;D3;D4;D5;D6;D7;D8;D9;D10;D11;D12;D13;D14;D15;";;n/a;;;
A135;Q31;Busca por tema;Sim;Liste os discursos relacionados a Companhia Nacional de Abastecimento (Conab).;"sessao solene Conab em 14/05; conferir lista completa";[514221] FREDERICO CABRAL DE MENEZES (2025-05-14, tema Trabalho): Sessão Solene destinada a celebrar o aniversário de 35 anos da criação da Companhia Nacional de Abastecimento (Conab). Destaque para a atuação dos trabalhadores da Conab, considerados guardiões da missão do órgão. || [514220] JULCIANE ANZILAGO (2025-05-14, tema Trabalho): Sessão Solene destinada a celebrar o aniversário de 35 anos da criação da Companhia Nacional de Abastecimento (Conab). Destaque para a atuação da Conab como órgão de valorização da agricultura camponesa. || [514218] LILIAN DOS SANTOS RAHAL (2025-05-14, tema Educação): Sessão Solene destinada a celebrar o aniversário de 35 anos da criação da Companhia Nacional de Abastecimento (Conab). Destaque para Programa de Aquisição de Alimentos (PAA) e Programa Nacional de Alimentação Escolar (PNAE), ambos vinculados à Conab. || [514216] JOÃO EDEGAR PRETTO (2025-05-14, tema Trabalho): Sessão Solene destinada a celebrar o aniversário de 35 anos da criação da Companhia Nacional de Abastecimento (Conab). Comentários sobre a relevância dos levantamentos de previsão de safra realizados pela Conab. Registro da retomada dos estoques públicos, cons || [514215] FERNANDA MACHIAVELI (2025-05-14, tema Economia): Sessão Solene destinada a celebrar o aniversário de 35 anos da criação da Companhia Nacional de Abastecimento (Conab). Registro da importância que teve a vinculação da Conab ao Ministério do Desenvolvimento Agrário e Agricultura Familiar, para o que o órgão re;Os discursos relacionados à Companhia Nacional de Abastecimento (Conab) foram feitos em uma sessão solene celebrando seu aniversário de 35 anos, ocorrida em 14 de maio de 2025. Foram registradas contribuições significativas do Conab na segurança alimentar e no abastecimento, com destaque para a atuação dos parlamentares Paulo Paim [D6], FREDERICO CABRAL DE MENEZES [D1], JULCIANE ANZILAGO [D2], Sérgio Petecão [D7] e Zenaide Maia [D9]. O tema foi abordado por 5 parlamentares, representando 3% do total de discursos no período analisado.;;n/a;;;
A136;Q01;Factual direta;Sim;Sobre o que discursou a senadora Damares Alves em 16 de maio de 2025?;"Sessao Solene PMDF; tema Seguranca";[513698] Damares Alves (2025-05-16, tema Segurança): Sessão Solene destinada a comemorar o Dia da Polícia Militar do Distrito Federal. Considerações sobre a execelência da PMDF, a melhor polícia do Brasil, segundo V.Exª. Defesa de valorização da carreira policial, com promoções e reajustes salariais.;Sobre o que discursou a senadora Damares Alves em 16 de maio de 2025?  A senadora Damares Alves (REPUBLICANOS) foi uma das parlamentares mais ativas durante o período analisado, com um total de 3 discursos. Em 16 de maio de 2025, ela discursou sobre a Segurança, em uma Sessão Solene destinada a comemorar o Dia da Polícia Militar do Distrito Federal [D1]. Ela destacou a excelência da PMDF e defendeu a valorização da carreira policial.  É importante notar que Damares Alves também discursou sobre Direitos Humanos em 8 de maio de 2025, quando defendeu o Projeto de Lei no. 3780/2020, idealizado por ela mesma quando Ministra de Direitos Humanos [D2].;;n/a;;;
A137;Q02;Factual direta;Sim;Qual foi o tema do discurso de Eduardo Girao sobre a CPI das Bets?;"tema Politica; unico discurso que cita apostas";[513626] Eduardo Girão (2025-05-16, tema Política): Comentários sobre a CPI das Bets e críticas à influência das empresas de apostas on-line no futebol brasileiro, com elogios ao técnico Filipe Luís, do Flamengo.;"Eduardo Girão mencionou a CPI das Bets em seu discurso [D1], onde criticou a influência de empresas de apostas on-line no futebol brasileiro.  Ele elogiou o técnico Filipe Luís, do Flamengo, nesse contexto. A temática ""Política"" foi predominante nos discursos analisados, com 41 registros, seguida por ""Trabalho"" com 44.";;n/a;;;
A138;Q32;Busca por tema;Sim;Quais discursos abordaram a valorizacao de carreiras ou categorias profissionais?;GOLD: 5 discursos contem 'valoriza' no resumo;[513703] Leila Barros (2025-05-16, tema Política): Sessão Solene destinada a comemorar o Dia da Polícia Militar do Distrito Federal. Destaque para a importância da PMDF como instituição essencial à segurança da população e dos Poderes da República, sediados em Brasília. Defesa de valorização da categoria com q || [513698] Damares Alves (2025-05-16, tema Segurança): Sessão Solene destinada a comemorar o Dia da Polícia Militar do Distrito Federal. Considerações sobre a execelência da PMDF, a melhor polícia do Brasil, segundo V.Exª. Defesa de valorização da carreira policial, com promoções e reajustes salariais. || [514220] JULCIANE ANZILAGO (2025-05-14, tema Trabalho): Sessão Solene destinada a celebrar o aniversário de 35 anos da criação da Companhia Nacional de Abastecimento (Conab). Destaque para a atuação da Conab como órgão de valorização da agricultura camponesa. || [513619] Zenaide Maia (2025-05-14, tema Meio Ambiente): Exaltação ao papel da Companhia Nacional de Abastecimento (Conab) na garantia de segurança alimentar e na valorização da agricultura familiar no Brasil, com reconhecimento da importância da instituição para enfrentar crises climáticas e assegurar dignidade aos || [513568] Paulo Paim (2025-05-13, tema Economia): Preocupação com propostas de congelamento do salário mínimo, consideradas por S. Exa. como retrocesso, e defesa de sua valorização como instrumento de combate à pobreza e fortalecimento da economia, com ênfase na política de reajuste baseada na inflação e no c;Com base nos discursos analisados, podemos observar que apenas 2 discursos abordaram a valorização de carreiras ou categorias profissionais:  * O discurso [D1] de Leila Barros (PDT) defendeu a valorização da categoria policial com qualificação contínua, reconhecimento profissional, valorização salarial e melhoria das condições de trabalho. * O discurso [D2] de Damares Alves (REPUBLICANOS) defendeu a valorização da carreira policial, com promoções e reajustes salariais.  Essas são as únicas menções à valorização de carreiras ou categorias profissionais nos discursos analisados. É importante notar que o período de análise é curto (11 dias), mas ainda assim podemos extrair algumas conclusões relativas sobre a frequência e os temas abordados pelos senadores.  Em termos de frequência, apenas 2 senadores mencionaram a valorização de carreiras ou categorias profissionais em seus discursos. Em comparação com o total de 152 discursos analisados, isso representa uma pequena parcela dos temas abordados pelos parlamentares.  Em termos de temas, a política e o trabalho são os mais frequentes nos discursos analisados, mas não há menções explícitas à valorização de carreiras ou categorias profissionais em nenhum dos principais temas.;;n/a;;;
A139;Q35;Sem resposta no corpus;Não;Qual o texto integral do discurso de Damares Alves sobre a PMDF?;corpus so tem Resumo, nao texto integral -> deve recusar/sinalizar;;"O discurso integral de Damares Alves sobre a PMDF não está disponível nos dados fornecidos; pois nenhum dos seus discursos trata especificamente deste tema no período analisado (2025-05-05 a 2025-05-16). No entanto; podemos apresentar dados relevantes sobre sua atividade parlamentar e o tema geral de segurança; que é um dos mais discutidos no Senado Federal.  Damares Alves é o 8º senador mais ativo no período analisado; com três discursos registrados ([D1]; [D3]; [D4]). O tema predominante nos discursos de Damares Alves foi a política; seguido por segurança e outros temas.  A PMDF é um dos principais temas discutidos no Senado Federal em relação à segurança; com 13 discursos registrados sobre este assunto no período analisado. Damares Alves não se destaca como especialista neste tema; mas sua atividade parlamentar é significativa e diversificada.  Para obter informações adicionais sobre o discurso de Damares Alves sobre a PMDF ou outros temas; recomendamos consultar fontes externas ou perguntar a um assistente especializado em informação jurídica e política.";;;;;
A140;Q17;Agregacao/contagem;Sim;Quantos discursos trataram da Policia Militar do Distrito Federal?;GOLD: 5;[513696] Izalci Lucas (2025-05-16, tema Segurança): Abertura de Sessão Solene destinada a comemorar o Dia da Polícia Militar do Distrito Federal. || [513697] Izalci Lucas (2025-05-16, tema Política): Sessão Solene destinada a comemorar o Dia da Polícia Militar do Distrito Federal. Considerações sobre a coragem, disiplina e sacrifício da instituição, guardiã da capital federal. Defesa de reforma política que elimine a exigência de quarentena de 4 anos para  || [513698] Damares Alves (2025-05-16, tema Segurança): Sessão Solene destinada a comemorar o Dia da Polícia Militar do Distrito Federal. Considerações sobre a execelência da PMDF, a melhor polícia do Brasil, segundo V.Exª. Defesa de valorização da carreira policial, com promoções e reajustes salariais. || [513703] Leila Barros (2025-05-16, tema Política): Sessão Solene destinada a comemorar o Dia da Polícia Militar do Distrito Federal. Destaque para a importância da PMDF como instituição essencial à segurança da população e dos Poderes da República, sediados em Brasília. Defesa de valorização da categoria com q || [513706] Izalci Lucas (2025-05-16, tema Segurança): Encerramento de Sessão Solene destinada a comemorar o Dia da Polícia Militar do Distrito Federal.;Com base nos dados disponíveis, podemos afirmar que 4 discursos trataram da Polícia Militar do Distrito Federal (PMDF) durante o período de 2025-05-05 a 2025-05-16. Esses discursos foram realizados por senadores Izalci Lucas ([D1], [D4] e [D5]) e Leila Barros ([D2]), que destacaram a importância da PMDF como instituição essencial à segurança da população e dos Poderes da República, sediados em Brasília.  Além disso, Damares Alves também fez referência à excelência da PMDF, considerando-a a melhor polícia do Brasil ([D3]).  É importante notar que o período de análise é relativamente curto e pode não refletir a frequência e a importância dos discursos sobre a PMDF em períodos mais longos.;;n/a;;;
A141;Q28;Comparacao;Parcial;Comparando os discursos de 14/05 e 16/05/2025, houve diferenca no foco tematico?;"14/05 muitos sobre Conab/Trabalho; 16/05 PMDF/Seguranca+Politica e CPI das Bets";;"Sim; houve uma mudança no foco temático dos discursos entre os dias 14/05 e 16/05/2025. No dia 14/05; o tema predominante foi o trabalho com 8 discursos (D4 a D14); enquanto no dia 16/05; o tema mais discutido foi a política com 3 discursos (D1; D2 e D3). No período de 2 dias; o trabalho permaneceu como o tema mais frequente; mas houve uma variação no dia 16/05 com um aumento na discussão sobre política.;D1;D2;D3;D4;D5;D6;D7;D8;D9;D10;D11;D12;D13;D14;D15;";;n/a;;;
A142;Q33;Sem resposta no corpus;Não;Qual foi o resultado da votacao da CPI das Bets?;corpus tem discursos, nao resultados de votacao -> deve recusar;;Não há menção direta à votação da CPI das Bets nos discursos disponíveis na amostra [D1] a [D5]. O período de análise abrange apenas do dia 07/05/2025 ao dia 16/05/2025, o que pode limitar a obtenção de insights específicos sobre essa votação. No entanto, é relevante destacar que Eduardo Girão mencionou a CPI das Bets em um discurso [D1], sugerindo preocupação com influência das empresas de apostas on-line no futebol brasileiro. Para obter informações mais detalhadas sobre o resultado da votação, seria necessário consultar discursos subsequentes ou fontes adicionais.;;;;;
A143;Q11;Factual direta;Parcial;O discurso de Damares Alves sobre a PMDF citou algum projeto de lei especifico? Qual?;"ARMADILHA: o Resumo nao cita PL; modelo deve dizer que nao consta, nao inventar";[513698] Damares Alves (2025-05-16, tema Segurança): Sessão Solene destinada a comemorar o Dia da Polícia Militar do Distrito Federal. Considerações sobre a execelência da PMDF, a melhor polícia do Brasil, segundo V.Exª. Defesa de valorização da carreira policial, com promoções e reajustes salariais.;Infelizmente, não há menção explícita de um projeto de lei específico citado por Damares Alves em seu discurso sobre a PMDF [D1]. No entanto, é possível inferir que ela defende a valorização da carreira policial e a melhoria das condições de trabalho para os policiais militares do Distrito Federal.  É importante notar que o período analisado é relativamente curto (11 dias), o que pode limitar a generalização dos resultados. Além disso, não há informações disponíveis sobre a presença física dos senadores em suas respectivas sessões, o que poderia ser uma variável interessante para análise.  Em termos de estatísticas agregadas, é possível observar que os temas predominantes nos discursos são Trabalho (44), Política (41) e Outros (28). Os parlamentares mais ativos foram Paulo Paim (16), Eduardo Girão (9), Chico Rodrigues (7) e Izalci Lucas (6).  Em relação à pergunta específica, é possível sugerir que Damares Alves possa ter defendido a criação de um projeto de lei para valorizar a carreira policial e melhorar as condições de trabalho dos policiais militares do Distrito Federal, embora isso não seja explícito nos dados disponíveis.;;n/a;;;
A144;Q39;Sem resposta no corpus;Não;Quais discursos sobre a PMDF serao feitos no proximo mes?;futuro -> deve recusar;;"Com base nos dados disponíveis até 16 de maio de 2025, foram feitos dois discursos sobre a PMDF no Dia da Polícia Militar do Distrito Federal [D1] e [D2]. No total, foram registrados 152 pronunciamentos, dos quais Paulo Paim foi o parlamentar mais ativo com 16 discursos. Os temas predominantes incluem ""Trabalho"" (44) e ""Política"" (41), destacando a importância da PMDF para a segurança pública.  Embora o período seja curto, os discursos indicam uma preocupação com a valorização da categoria, promoções, reajustes salariais e reconhecimento profissional. Aproximadamente 28% dos temas abordados foram relacionados à ""Outros"" categorias, sugerindo que outros aspectos da PMDF também podem ser discutidos no futuro.  Para insights sobre discursos futuros, é importante monitorar os parlamentares mais ativos e os temas emergentes.";;;;;
A145;Q10;Factual direta;Sim;Qual senador elogiou o tecnico Filipe Luis em seu discurso?;"Eduardo Girao; testa atribuicao especifica";[513626] Eduardo Girão (2025-05-16, tema Política): Comentários sobre a CPI das Bets e críticas à influência das empresas de apostas on-line no futebol brasileiro, com elogios ao técnico Filipe Luís, do Flamengo.;O senador Eduardo Girão foi o único parlamentar a mencionar o técnico Filipe Luís em seu discurso durante o período analisado [D1]. Esse elogio ocorreu no contexto de comentários sobre a CPI das Bets e críticas à influência das empresas de apostas online no futebol brasileiro. Embora o período seja curto, Eduardo Girão se destaca como um dos parlamentares mais ativos, com 9 discursos registrados [D1].;;n/a;;;
A146;Q20;Agregacao/contagem;Sim;Quantos discursos o senador Eduardo Girao proferiu no periodo?;GOLD: 9;"[513626] Eduardo Girão (2025-05-16, tema Política): Comentários sobre a CPI das Bets e críticas à influência das empresas de apostas on-line no futebol brasileiro, com elogios ao técnico Filipe Luís, do Flamengo. || [513611] Eduardo Girão (2025-05-14, tema Saúde): Preocupação com a precariedade da segurança e da saúde pública no Estado do Ceará e apelo para a decretação de intervenção federal no estado. || [513606] Eduardo Girão (2025-05-14, tema Outros): Solicitação de inserção em ata de voto de pesar pelo falecimento do escritor espírita Divaldo Franco. || [513585] Eduardo Girão (2025-05-13, tema Infraestrutura): Cobrança de posicionamento de prováveis defensores do governo atual sobre a suposta fraude nos benefícios do INSS. || [513579] Eduardo Girão (2025-05-13, tema Política): Apoio ao Senador Plínio Valério em sua defesa da PEC nº 16/2019, que dispõe sobre o processo de escolha dos ministros do STF e fixa os respectivos mandatos em oito anos. Críticas ao STF. || [513453] Eduardo Girão (2025-05-07, tema Política): Indignação com a aprovação, pela Câmara dos Deputados, do Projeto de Lei Complementar nº 177/2023, que eleva o número de Deputados Federais, com críticas ao possível impacto fiscal e ao efeito cascata nas Assembleias Legislativas. || [513448] Eduardo Girão (2025-05-07, tema Política): Críticas ao Projeto de Lei Complementar (PLP) n° 177, de 2023, aprovado na Câmara dos Deputados, o qual ""Fixa o número de Deputados Federais; estabelece normas para a distribuição das vagas da Câmara dos Deputados entre os Estados e o Distrito Federal; e revog || [513438] Eduardo Girão (2025-05-08, tema Saúde): Denúncia de possível omissão da mídia e blindagem política, durante a CPI da Pandemia, dos desvios na compra de respiradores pelo Consórcio Nordeste e indignação com a permanência do ex-Governador da Bahia Rui Costa no cargo de Ministro da Casa Civil. Alerta p || [513387] Eduardo Girão (2025-05-06, tema Política): Alerta para a necessidade de instalação de CPMI para investigação das denúncias de fraude no INSS, bem como de CPI para investigar supostas irregularidades na Confederação Brasileira de Futebol (CBF).";O senador Eduardo Girão proferiu 9 discursos no período de 2025-05-05 a 2025-05-16, conforme as estatísticas agregadas fornecidas. Isso o coloca em primeiro lugar na lista dos parlamentares mais ativos durante esse período.  Alguns dos temas abordados por Eduardo Girão incluem política (D6, D8, D9 e D10), saúde (D2 e D7) e infraestrutura (D5). É importante notar que esses discursos são apenas uma amostra da atividade parlamentar de Eduardo Girão durante esse período.  Aqui estão os 9 discursos de Eduardo Girão:  - [D1] - Política - [D2] - Saúde - [D4] - Outros (voto de pesar) - [D5] - Infraestrutura - [D6] - Política - [D7] - Saúde - [D8] - Política - [D9] - Política - [D10] - Política  Esses discursos demonstram a variedade de temas abordados por Eduardo Girão durante esse período e sua atuação como parlamentar.;;n/a;;;
A147;Q16;Agregacao/contagem;Sim;Qual senador fez o maior numero de discursos no periodo coberto?;GOLD: Paulo Paim, 16 discursos;;Com base nas estatísticas agregadas, podemos afirmar que o senador mais ativo no período de 2025-05-05 a 2025-05-16 foi Paulo Paim, com um total de 16 discursos. Isso representa cerca de 10% do total de discursos realizados durante esse período.  Além disso, podemos observar que os temas predominantes nos discursos foram Trabalho (44), Política (41) e Outros (28). Esses temas representam mais da metade dos discursos realizados no período.  É importante notar que o período de análise é relativamente curto, mas ainda assim podemos obter insights interessantes sobre as tendências e preferências dos senadores.;;n/a;;;
A148;Q24;Comparacao;Sim;Os discursos de Leila Barros e Damares Alves sobre a PMDF trataram dos mesmos pontos?;"ambos valorizacao da carreira; comparar enfase";[513703] Leila Barros (2025-05-16, tema Política): Sessão Solene destinada a comemorar o Dia da Polícia Militar do Distrito Federal. Destaque para a importância da PMDF como instituição essencial à segurança da população e dos Poderes da República, sediados em Brasília. Defesa de valorização da categoria com q || [513698] Damares Alves (2025-05-16, tema Segurança): Sessão Solene destinada a comemorar o Dia da Polícia Militar do Distrito Federal. Considerações sobre a execelência da PMDF, a melhor polícia do Brasil, segundo V.Exª. Defesa de valorização da carreira policial, com promoções e reajustes salariais.;Os discursos de Leila Barros e Damares Alves sobre a PMDF abordaram temas semelhantes, ambos destacando a importância da instituição para a segurança pública e defendendo a valorização dos policiais militares.  Leila Barros [D1] enfatizou a necessidade de qualificação contínua, reconhecimento profissional, valorização salarial e melhoria das condições de trabalho. Damares Alves [D2] também defendeu a valorização da carreira policial, com promoções e reajustes salariais.;;n/a;;;
A149;Q08;Factual direta;Sim;O que o senador Izalci Lucas propos sobre a quarentena para policiais militares concorrerem a cargos eletivos?;fim da exigencia de quarentena de 4 anos;[513697] Izalci Lucas (2025-05-16, tema Política): Sessão Solene destinada a comemorar o Dia da Polícia Militar do Distrito Federal. Considerações sobre a coragem, disiplina e sacrifício da instituição, guardiã da capital federal. Defesa de reforma política que elimine a exigência de quarentena de 4 anos para ;"O senador Izalci Lucas defendeu a eliminação da exigência de quarentena de 4 anos para policiais militares concorrerem a cargos eletivos durante uma sessão solene em homenagem ao Dia da Polícia Militar do Distrito Federal [D1].  Ele é o sexto parlamentar mais ativo na amostra analisada, com seis discursos. A temática ""Política"" domina os discursos, representando 41% dos temas abordados.";;n/a;;;
A150;Q09;Factual direta;Sim;Em que data ocorreu o discurso de Eduardo Girao sobre as empresas de apostas online?;2025-05-16;[513626] Eduardo Girão (2025-05-16, tema Política): Comentários sobre a CPI das Bets e críticas à influência das empresas de apostas on-line no futebol brasileiro, com elogios ao técnico Filipe Luís, do Flamengo.;"Eduardo Girão discursou sobre empresas de apostas online em 2025-05-16 [D1].  Ele criticou a influência dessas empresas no futebol brasileiro e elogiou o técnico Filipe Luís, do Flamengo.  No total, foram registrados 152 discursos entre 2025-05-05 e 2025-05-16, com Paulo Paim sendo o senador mais ativo nesse período (16 discursos). O tema ""Trabalho"" foi o mais abordado, seguido por ""Política"".";;n/a;;;
A151;Q29;Busca por tema;Sim;Quais discursos trataram do tema Seguranca?;"GOLD: 13 discursos com Tema=Seguranca; conferir lista de ids no snapshot";;"No período analisado; foram registrados 152 discursos no Senado Federal. Dentre eles; seis trataram do tema Segurança (4% da amostra). Os parlamentares que mais falaram sobre este assunto foram Izalci Lucas (PL); com quatro discursos [D1; D4]; e Damares Alves (REPUBLICANOS) e Leila Barros (PDT); ambos com um discurso cada [D3; D2]. Os demais discursos sobre Segurança foram feitos por senadores que também falaram sobre outros temas. É importante ressaltar que este período é curto e a amostra pode não ser representativa da frequência geral dos discursos sobre Segurança no Senado Federal.";;n/a;;;
A152;Q23;Comparacao;Sim;Entre Eduardo Girao e Izalci Lucas, quem discursou mais vezes no periodo?;GOLD: Eduardo Girao (9) > Izalci Lucas (6);;Eduardo Girão discursou mais vezes no período analisado do que Izalci Lucas.  Girão totalizou 9 discursos, enquanto Lucas teve 6 [D2, D3, D4, D5, D12, D13]. É importante notar que este período é relativamente curto e pode não refletir a frequência de discursos dos senadores ao longo do ano.;;n/a;;;
A153;Q20;Agregacao/contagem;Sim;Quantos discursos o senador Eduardo Girao proferiu no periodo?;GOLD: 9;"[513626] Eduardo Girão (2025-05-16, tema Política): Comentários sobre a CPI das Bets e críticas à influência das empresas de apostas on-line no futebol brasileiro, com elogios ao técnico Filipe Luís, do Flamengo. || [513611] Eduardo Girão (2025-05-14, tema Saúde): Preocupação com a precariedade da segurança e da saúde pública no Estado do Ceará e apelo para a decretação de intervenção federal no estado. || [513606] Eduardo Girão (2025-05-14, tema Outros): Solicitação de inserção em ata de voto de pesar pelo falecimento do escritor espírita Divaldo Franco. || [513585] Eduardo Girão (2025-05-13, tema Infraestrutura): Cobrança de posicionamento de prováveis defensores do governo atual sobre a suposta fraude nos benefícios do INSS. || [513579] Eduardo Girão (2025-05-13, tema Política): Apoio ao Senador Plínio Valério em sua defesa da PEC nº 16/2019, que dispõe sobre o processo de escolha dos ministros do STF e fixa os respectivos mandatos em oito anos. Críticas ao STF. || [513453] Eduardo Girão (2025-05-07, tema Política): Indignação com a aprovação, pela Câmara dos Deputados, do Projeto de Lei Complementar nº 177/2023, que eleva o número de Deputados Federais, com críticas ao possível impacto fiscal e ao efeito cascata nas Assembleias Legislativas. || [513448] Eduardo Girão (2025-05-07, tema Política): Críticas ao Projeto de Lei Complementar (PLP) n° 177, de 2023, aprovado na Câmara dos Deputados, o qual ""Fixa o número de Deputados Federais; estabelece normas para a distribuição das vagas da Câmara dos Deputados entre os Estados e o Distrito Federal; e revog || [513438] Eduardo Girão (2025-05-08, tema Saúde): Denúncia de possível omissão da mídia e blindagem política, durante a CPI da Pandemia, dos desvios na compra de respiradores pelo Consórcio Nordeste e indignação com a permanência do ex-Governador da Bahia Rui Costa no cargo de Ministro da Casa Civil. Alerta p || [513387] Eduardo Girão (2025-05-06, tema Política): Alerta para a necessidade de instalação de CPMI para investigação das denúncias de fraude no INSS, bem como de CPI para investigar supostas irregularidades na Confederação Brasileira de Futebol (CBF).";Eduardo Girão proferiu 9 discursos no período de 2025-05-05 a 2025-05-16, conforme evidenciado pelas fontes [D1], [D2], [D4], [D5], [D6], [D7], [D8], [D9] e [D10]. Essa frequência o coloca entre os senadores mais ativos da amostra, com uma média de 1 discurso por dia.;;n/a;;;
A154;Q27;Comparacao;Sim;Os discursos sobre a PMDF foram feitos por senadores de quais estados?;todos do DF;[513696] Izalci Lucas (2025-05-16, tema Segurança): Abertura de Sessão Solene destinada a comemorar o Dia da Polícia Militar do Distrito Federal. || [513697] Izalci Lucas (2025-05-16, tema Política): Sessão Solene destinada a comemorar o Dia da Polícia Militar do Distrito Federal. Considerações sobre a coragem, disiplina e sacrifício da instituição, guardiã da capital federal. Defesa de reforma política que elimine a exigência de quarentena de 4 anos para  || [513698] Damares Alves (2025-05-16, tema Segurança): Sessão Solene destinada a comemorar o Dia da Polícia Militar do Distrito Federal. Considerações sobre a execelência da PMDF, a melhor polícia do Brasil, segundo V.Exª. Defesa de valorização da carreira policial, com promoções e reajustes salariais. || [513703] Leila Barros (2025-05-16, tema Política): Sessão Solene destinada a comemorar o Dia da Polícia Militar do Distrito Federal. Destaque para a importância da PMDF como instituição essencial à segurança da população e dos Poderes da República, sediados em Brasília. Defesa de valorização da categoria com q || [513706] Izalci Lucas (2025-05-16, tema Segurança): Encerramento de Sessão Solene destinada a comemorar o Dia da Polícia Militar do Distrito Federal.;Dos discursos analisados, os temas mais abordados foram Trabalho (44%) e Política (41%), com destaque para Paulo Paim como o senador mais ativo nesse período, com 16 discursos.  Discourses sobre a PMDF foram feitos por senadores Leila Barros [D1] e Damares Alves [D2].;;n/a;;;
A155;Q36;Sem resposta no corpus;Não;Quantos votos o senador Paulo Paim recebeu na ultima eleicao?;dado eleitoral fora do corpus -> deve recusar;;Os dados disponíveis não fornecem informações sobre os votos recebidos por Paulo Paim na última eleição.  A amostra analisada consiste em 152 discursos de senadores entre 5 e 16 de maio de 2025, com Paulo Paim sendo o senador mais ativo nesse período, com 16 discursos.  Os temas predominantes nos discursos foram Trabalho (44%) e Política (41%).;;;;;
A156;Q18;Agregacao/contagem;Sim;Quais foram os tres temas mais recorrentes nos discursos do periodo?;GOLD: Trabalho (44), Politica (41), Outros (28);;Com base nas estatísticas agregadas, os três temas mais recorrentes nos discursos do período foram:  1. Trabalho (44 vezes) 2. Política (41 vezes) 3. Outros (28 vezes)  Essas informações são baseadas em uma amostra de 152 discursos e permitem entender a frequência com que cada tema foi abordado pelos senadores durante o período de 2025-05-05 a 2025-05-16.  É importante notar que o período é relativamente curto, mas ainda assim permite identificar tendências e prioridades dos parlamentares. Além disso, os temas mais recorrentes podem ser associados à atividade legislativa e às questões que mais preocupam a sociedade brasileira no momento.  Por exemplo, o tema Trabalho foi abordado em 44 discursos, o que pode indicar uma grande preocupação com as condições de trabalho e os direitos dos trabalhadores. Já o tema Política foi mencionado em 41 discursos, sugerindo que os senadores estavam discutindo questões relacionadas à governança e ao funcionamento do sistema político.  É importante lembrar que essas informações são baseadas em uma amostra de discursos e podem não refletir a opinião ou a posição de todos os senadores. No entanto, elas oferecem uma visão geral da frequência com que cada tema foi abordado durante o período.;;n/a;;;
A157;Q23;Comparacao;Sim;Entre Eduardo Girao e Izalci Lucas, quem discursou mais vezes no periodo?;GOLD: Eduardo Girao (9) > Izalci Lucas (6);;Com base nos dados disponíveis, podemos comparar as frequências de discursos dos senadores Eduardo Girão e Izalci Lucas no período em questão.  De acordo com as estatísticas agregadas, Eduardo Girão é o terceiro parlamentar mais ativo, com 9 discursos, enquanto Izalci Lucas está na quinta posição, com 6 discursos. No entanto, se considerarmos apenas os dois senadores em questão, podemos ver que Eduardo Girão tem uma frequência de discursos ligeiramente maior do que Izalci Lucas.  Portanto, a resposta à pergunta é: Eduardo Girão discursou mais vezes no período em comparação com Izalci Lucas.;;n/a;;;
A158;Q31;Busca por tema;Sim;Liste os discursos relacionados a Companhia Nacional de Abastecimento (Conab).;"sessao solene Conab em 14/05; conferir lista completa";[514221] FREDERICO CABRAL DE MENEZES (2025-05-14, tema Trabalho): Sessão Solene destinada a celebrar o aniversário de 35 anos da criação da Companhia Nacional de Abastecimento (Conab). Destaque para a atuação dos trabalhadores da Conab, considerados guardiões da missão do órgão. || [514220] JULCIANE ANZILAGO (2025-05-14, tema Trabalho): Sessão Solene destinada a celebrar o aniversário de 35 anos da criação da Companhia Nacional de Abastecimento (Conab). Destaque para a atuação da Conab como órgão de valorização da agricultura camponesa. || [514218] LILIAN DOS SANTOS RAHAL (2025-05-14, tema Educação): Sessão Solene destinada a celebrar o aniversário de 35 anos da criação da Companhia Nacional de Abastecimento (Conab). Destaque para Programa de Aquisição de Alimentos (PAA) e Programa Nacional de Alimentação Escolar (PNAE), ambos vinculados à Conab. || [514216] JOÃO EDEGAR PRETTO (2025-05-14, tema Trabalho): Sessão Solene destinada a celebrar o aniversário de 35 anos da criação da Companhia Nacional de Abastecimento (Conab). Comentários sobre a relevância dos levantamentos de previsão de safra realizados pela Conab. Registro da retomada dos estoques públicos, cons || [514215] FERNANDA MACHIAVELI (2025-05-14, tema Economia): Sessão Solene destinada a celebrar o aniversário de 35 anos da criação da Companhia Nacional de Abastecimento (Conab). Registro da importância que teve a vinculação da Conab ao Ministério do Desenvolvimento Agrário e Agricultura Familiar, para o que o órgão re;"Com base nos discursos recuperados, podemos observar que os senadores mais ativos em relação à Companhia Nacional de Abastecimento (Conab) são:  - Paulo Paim (PT): 1 discurso - Sérgio Petecão (PSD): 2 discursos - FREDERICO CABRAL DE MENEZES: 1 discurso - JULCIANE ANZILAGO: 1 discurso - LILIAN DOS SANTOS RAHAL: 1 discurso - JOÃO EDEGAR PRETTO: 1 discurso - FERNANDA MACHIAVELI: 1 discurso - Zenaide Maia (PSD): 1 discurso  Os temas predominantes nos discursos relacionados à Conab são:  - Trabalho: 6 discursos ([D1], [D2], [D4], [D7]) - Economia: 3 discursos ([D5], [D6], [D10]) - Outros: 1 discurso ([D8])  O período de análise é curto, mas ainda podemos observar tendências e padrões nos discursos dos senadores. É importante notar que a maioria dos discursos está relacionada ao tema ""Trabalho"", o que sugere que os senadores estão enfatizando a importância da Conab na garantia de empregos e renda para os produtores rurais.  Além disso, é interessante observar que alguns senadores (como Paulo Paim e Sérgio Petecão) têm mais de um discurso relacionado à Conab, o que sugere que eles estão mais engajados em discutir a importância da instituição.";;n/a;;;
A159;Q07;Factual direta;Sim;Sobre o que tratou a Sessao Solene do Dia da Policia Militar do DF, em 16 de maio de 2025?;5 discursos PMDF nesse dia;[513696] Izalci Lucas (2025-05-16, tema Segurança): Abertura de Sessão Solene destinada a comemorar o Dia da Polícia Militar do Distrito Federal. || [513697] Izalci Lucas (2025-05-16, tema Política): Sessão Solene destinada a comemorar o Dia da Polícia Militar do Distrito Federal. Considerações sobre a coragem, disiplina e sacrifício da instituição, guardiã da capital federal. Defesa de reforma política que elimine a exigência de quarentena de 4 anos para  || [513698] Damares Alves (2025-05-16, tema Segurança): Sessão Solene destinada a comemorar o Dia da Polícia Militar do Distrito Federal. Considerações sobre a execelência da PMDF, a melhor polícia do Brasil, segundo V.Exª. Defesa de valorização da carreira policial, com promoções e reajustes salariais. || [513703] Leila Barros (2025-05-16, tema Política): Sessão Solene destinada a comemorar o Dia da Polícia Militar do Distrito Federal. Destaque para a importância da PMDF como instituição essencial à segurança da população e dos Poderes da República, sediados em Brasília. Defesa de valorização da categoria com q || [513706] Izalci Lucas (2025-05-16, tema Segurança): Encerramento de Sessão Solene destinada a comemorar o Dia da Polícia Militar do Distrito Federal.;"A Sessão Solene do Dia da Polícia Militar do DF, em 16 de maio de 2025, foi marcada por discursos que exaltaram a importância da instituição para a segurança do Distrito Federal.  Senadores como Izalci Lucas [D1, D4, D5], Leila Barros [D2] e Damares Alves [D3] participaram da sessão, destacando a necessidade de valorização profissional e salarial para os policiais militares. A temática ""Segurança"" foi predominante nos discursos sobre o evento, refletindo a importância atribuída à PMDF pelos parlamentares.";;n/a;;;
A160;Q29;Busca por tema;Sim;Quais discursos trataram do tema Seguranca?;"GOLD: 13 discursos com Tema=Seguranca; conferir lista de ids no snapshot";;Dos 152 discursos analisados, 13 trataram do tema Segurança.  Os senadores mais ativos nesse tema foram Izalci Lucas [D1, D4] e Damares Alves [D3], ambos com um discurso sobre o Dia da Polícia Militar do Distrito Federal.  Margaret Buzetti também abordou a segurança, destacando a violência sexual contra crianças e adolescentes [D9]. É importante notar que este período de análise é curto e pode não refletir a frequência com que o tema Segurança é discutido no Senado ao longo do ano.;;n/a;;;
